country,city,aqi_value,aqi_category,pm2.5_aqi_value,meal_cheap_usd,meal_midrange_usd,rent_1br_outside_usd,rent_3br_city_usd,basic_utilities_usd,monthly_pass_usd,avg_net_salary_usd,quality_of_life_index,popcity,densitycity,congestion2019,crime_index,safety_index
United States of America,phoenix,72,Moderate,72,18.5,70.0,46.09,38.25,26428.57,2.4,2711.17,5.11,1445632.0,1077.541931,13.0,53.6,46.4
United Republic of Tanzania,dar es salaam,51,Moderate,51,2.14,24.65,13.47,29.65,6572.37,0.28,809.6,13.1,4364541.0,3133.195262,20.0,46.6,53.4
China,hangzhou,203,Very Unhealthy,151,4.27,32.03,45.76,25.45,21206.8,0.43,1026.14,5.23,8405527.14,1013.691165,20.0,46.6,53.4
China,tianjin,142,Unhealthy for Sensitive Groups,142,4.27,28.47,54.89,42.66,19217.9,0.43,1085.46,5.2,15582374.43,1325.031839,21.0,46.6,53.4
China,fuzhou,168,Unhealthy,99,2.99,17.79,58.72,37.37,20166.93,0.14,612.13,5.18,3918485.982,2231.484044,20.0,46.6,53.4
Brazil,salvador,30,Good,30,4.79,24.91,35.44,50.29,28751.07,0.89,609.9,11.54,2676606.0,3786.935484,30.0,76.6,23.4
United States of America,richmond,76,Moderate,76,25.0,57.5,42.78,39.64,21543.75,1.88,2088.89,5.43,204214.0,1315.768898,9.0,46.6,53.4
United States of America,richmond,76,Moderate,76,14.82,59.29,32.12,39.03,24210.89,2.33,3816.92,5.6,204214.0,1315.768898,9.0,46.6,53.4
Poland,lublin,32,Good,28,6.31,27.04,54.09,29.3,21410.62,0.9,598.42,7.67,357110.0,2421.905731,26.0,46.6,53.4
Germany,hamburg,34,Good,34,14.75,63.22,92.23,44.37,36598.08,3.44,2101.64,1.98,1787408.0,2366.487488,29.0,42.6,57.4
France,marseille,59,Moderate,59,13.17,63.22,70.95,25.26,18956.88,2.0,1404.99,1.73,874619.0,3635.157938,30.0,64.7,35.3
United States of America,moscow,30,Good,30,12.8,64.0,104.54,61.4,37946.86,0.82,2194.87,10.31,14150000.0,5635.205098,54.0,36.8,63.2
Spain,murcia,29,Good,20,12.64,52.69,77.27,30.86,20548.03,1.48,1527.93,2.35,437667.0,494.036573,16.0,46.6,53.4
Poland,gdansk,33,Good,33,6.76,33.81,68.69,28.98,21879.93,1.04,1001.75,6.3,756719.0,1827.382275,29.0,30.5,69.5
Brazil,fortaleza,25,Good,25,4.98,22.99,41.45,44.07,24542.41,0.75,426.73,9.75,2447409.0,7815.702242,31.0,77.3,22.7
United States of America,new haven,57,Moderate,57,15.0,80.0,46.83,36.16,20000.0,1.25,4000.0,4.59,129779.0,2680.992452,12.0,46.6,53.4
Germany,kiel,42,Good,26,11.38,52.69,79.03,38.64,29504.87,2.74,1593.79,2.23,246306.0,2075.903919,23.0,46.6,53.4
Belgium,liege,56,Moderate,56,15.81,57.96,102.74,44.78,26828.35,2.63,916.76,1.82,195931.0,3090.881843,16.0,60.4,39.6
United States of America,los angeles,116,Unhealthy for Sensitive Groups,116,20.0,88.59,59.39,40.75,22886.54,1.75,4630.53,5.18,3792621.0,3118.986757,27.0,52.2,47.8
China,shenzhen,154,Unhealthy,154,4.27,28.47,66.16,33.9,20317.59,0.57,1682.3,4.99,12777460.91,6398.327947,23.0,28.9,71.1
United States of America,sacramento,36,Good,36,18.0,63.5,39.55,29.43,23461.43,2.75,3100.0,5.0,466488.0,1826.499659,18.0,49.4,50.6
Republic of Korea,seoul,421,Hazardous,415,7.68,53.78,58.26,46.36,27840.35,1.0,2669.12,3.47,9904312.0,16359.94714,20.0,24.7,75.3
Italy,brescia,59,Moderate,59,15.28,63.22,62.96,31.4,21777.4,1.48,1756.24,1.3,187567.0,2068.449493,11.0,46.6,53.4
United Arab Emirates,dubai,152,Unhealthy,152,12.25,81.68,64.43,54.4,20992.61,1.57,3272.26,3.96,1616430.0,46183.71429,19.0,16.4,83.6
Switzerland,basel,60,Moderate,60,26.71,128.21,121.35,51.05,42203.79,3.85,2874.13,1.58,173863.0,7271.560017,22.0,21.6,78.4
Brazil,belo horizonte,41,Good,41,4.22,28.74,54.79,40.76,23407.86,0.86,558.01,10.77,2375444.0,7177.652213,28.0,63.7,36.3
United Kingdom of Great Britain and Northern Ireland,christchurch,37,Good,37,14.11,64.14,75.73,42.68,21045.13,1.8,1594.34,3.79,341469.0,212.0925466,21.0,44.3,55.7
Saudi Arabia,riyadh,196,Unhealthy,196,6.65,53.21,45.85,61.56,20843.94,1.06,1005.01,4.0,5188286.0,2712.12023,22.0,26.8,73.2
Turkey,antalya,41,Good,26,4.56,18.78,43.07,28.71,26888.13,0.43,851.1,20.0,1079134.0,514.1181515,26.0,27.1,72.9
United States of America,portland,48,Good,36,16.75,75.0,67.04,46.59,26111.11,2.5,3242.64,5.14,583776.0,1689.003362,16.0,54.6,45.4
Unknown,stockholm,31,Good,8,12.59,77.47,86.95,39.81,26837.42,3.78,2301.49,2.51,847073.0,4511.947374,23.0,46.1,53.9
United States of America,philadelphia,61,Moderate,61,19.0,67.5,45.36,36.91,24642.86,2.5,3087.5,5.0,1526006.0,4385.306151,17.0,64.9,35.1
Portugal,porto,28,Good,21,9.48,42.15,83.37,30.03,29863.14,1.58,1420.98,2.28,237584.0,5722.157996,24.0,35.2,64.8
Poland,poznan,36,Good,36,6.76,33.81,72.68,33.5,21766.71,1.13,806.05,4.42,578886.0,2210.754249,31.0,28.2,71.8
Unknown,san jose,45,Good,45,19.0,80.0,44.5,39.38,22571.43,2.5,4283.33,5.22,945942.0,2048.860691,19.0,55.7,44.3
Unknown,san jose,45,Good,45,19.0,80.0,44.5,39.38,22571.43,2.5,4283.33,5.22,945942.0,2048.860691,19.0,47.7,52.3
Viet Nam,hanoi,181,Unhealthy,145,2.04,19.9,34.45,29.14,32899.31,0.29,865.47,9.86,3605364.0,11859.75,20.0,37.6,62.4
Austria,innsbruck,54,Moderate,54,15.81,65.86,109.74,37.41,20856.25,2.85,1527.93,1.87,132493.0,1262.920599,17.0,46.6,53.4
Turkey,istanbul,59,Moderate,59,5.37,24.15,47.96,31.58,33094.13,0.43,1040.98,23.8,13854740.0,2593.063822,51.0,47.5,52.5
France,brest,28,Good,25,7.92,25.73,53.44,31.67,21553.35,0.32,313.62,20.0,142278.0,2873.72248,21.0,46.6,53.4
United States of America,atlanta,99,Moderate,99,15.0,65.0,56.38,38.48,21902.38,2.5,3275.0,4.84,420003.0,1198.446742,17.0,63.5,36.5
Switzerland,bern,30,Good,28,26.71,106.85,114.32,40.96,41776.41,3.79,2493.05,2.42,134794.0,2612.286822,18.0,17.7,82.3
Unknown,gold coast,28,Good,21,13.59,61.16,73.62,36.7,20908.76,3.4,2429.5,3.66,332890.0,1415.0,21.0,46.2,53.8
United States of America,greenville,58,Moderate,58,20.0,60.0,41.0,40.2,21429.17,0.0,2170.0,5.43,84554.0,892.0479643,14.0,46.6,53.4
China,guangzhou,184,Unhealthy,184,4.13,28.47,63.43,33.83,21381.7,0.36,1242.24,5.19,14701395.64,1977.588868,24.0,32.3,67.7
United States of America,panama city,54,Moderate,54,8.0,52.5,51.43,44.55,20431.25,0.35,1784.21,5.95,880691.0,433.5816266,20.0,47.7,52.3
Spain,santander,44,Good,25,12.64,42.15,85.35,26.34,20372.41,1.37,1053.75,2.0,178095.0,5117.672414,16.0,46.6,53.4
France,nantes,38,Good,38,13.7,63.22,108.01,30.3,25843.1,1.79,1413.77,1.85,319284.0,4897.745053,22.0,62.9,37.1
Russian Federation,tomsk,31,Good,25,8.0,24.0,92.0,54.67,34426.67,0.38,696.0,10.05,574002.0,1945.769492,28.0,46.6,53.4
United States of America,nashville,80,Moderate,80,16.5,70.0,51.45,35.85,25343.75,3.69,3923.08,5.13,626681.0,508.5558952,15.0,46.6,53.4
Norway,trondheim,29,Good,19,21.58,92.48,77.04,45.36,38284.93,4.32,1929.43,2.6,165191.0,482.6759,12.0,19.1,80.9
Indonesia,surabaya,152,Unhealthy,152,1.3,12.96,48.38,32.41,27914.38,0.32,504.54,8.69,2765487.0,7378.96099,20.0,46.6,53.4
China,taichung,202,Very Unhealthy,157,3.6,26.18,64.38,29.29,24372.95,0.65,895.98,1.81,2794000.0,1261.456499,35.0,46.6,53.4
Finland,tampere,30,Good,12,13.17,84.3,92.5,43.34,27221.75,2.85,1276.54,1.19,238140.0,345.3356342,13.0,22.3,77.7
Turkey,izmir,63,Moderate,63,3.76,18.78,28.85,26.6,28931.08,0.38,434.01,20.7,3532814.0,1126.377039,30.0,31.4,68.6
France,bordeaux,47,Good,16,15.81,65.86,96.59,33.51,25992.38,1.79,1211.81,1.57,260352.0,5274.554295,27.0,46.8,53.2
Malaysia,kuala lumpur,76,Moderate,76,3.42,22.79,45.56,26.37,29522.45,0.68,999.84,3.67,1795200.0,7387.654321,28.0,63.0,37.0
United States of America,austin,97,Moderate,97,17.0,72.0,56.21,38.53,24269.44,1.38,4032.69,5.59,790390.0,953.8473641,18.0,40.3,59.7
United Arab Emirates,abu dhabi,170,Unhealthy,150,8.17,54.45,51.61,42.39,21281.99,0.54,2527.12,4.08,621000.0,9221.859222,10.0,11.2,88.8
China,beijing,123,Unhealthy for Sensitive Groups,123,4.27,31.32,67.19,43.68,22446.36,0.71,2784.82,4.94,21624536.38,1318.087064,24.0,28.4,71.6
Germany,bremen,66,Moderate,66,12.64,52.69,83.77,36.18,22128.65,3.0,1304.01,2.72,557464.0,1709.068612,19.0,44.3,55.7
Unknown,new york,70,Moderate,70,25.0,100.0,62.13,57.42,23754.86,2.75,7146.84,5.4,8175133.0,10505.65115,26.0,49.1,50.9
United States of America,albany,41,Good,41,13.5,65.0,40.71,49.0,20861.12,1.5,2000.0,5.43,97856.0,1765.2272,10.0,46.6,53.4
United States of America,albuquerque,63,Moderate,63,15.0,65.0,53.3,42.5,21625.0,1.0,2340.0,5.6,545852.0,1125.404079,14.0,71.5,28.5
Japan,tokyo,79,Moderate,79,7.45,44.67,46.26,37.63,17439.88,1.49,2526.51,1.1,13515271.0,6271.587471,41.0,24.6,75.4
United States of America,dublin,43,Good,43,21.07,84.3,86.95,37.67,31480.34,2.11,3651.89,3.41,553165.0,4687.838983,38.0,52.1,47.9
Russian Federation,samara,40,Good,25,9.6,48.0,73.45,57.14,38933.34,0.56,686.33,12.83,1163399.0,2496.564378,41.0,46.6,53.4
United States of America,riverside,95,Moderate,95,17.0,70.0,53.71,29.6,23500.0,1.75,3066.67,5.52,303871.0,1444.33749,19.0,39.4,60.6
United States of America,minneapolis,52,Moderate,52,20.0,66.94,42.09,31.0,21936.88,2.5,3322.5,5.36,382578.0,2735.464988,9.0,55.3,44.7
China,kaohsiung,97,Moderate,77,3.27,26.18,64.73,24.51,24547.51,0.65,865.53,2.29,2780000.0,943.3322022,32.0,46.6,53.4
Costa Rica,san diego,56,Moderate,56,20.0,80.0,53.95,42.06,22964.95,2.5,4332.25,4.94,1307402.0,1548.98743,17.0,40.4,59.6
Mexico,buenos aires,43,Good,43,6.12,25.0,68.63,44.81,23229.18,0.15,627.35,45.0,3050728.0,15028.21675,24.0,63.3,36.7
Turkey,bursa,54,Moderate,54,3.22,48.3,45.01,35.52,38339.17,0.4,359.21,20.17,2052603.0,908.4927081,25.0,29.1,70.9
India,kolkata,195,Unhealthy,195,2.0,14.74,28.94,26.31,22528.1,0.2,388.92,8.25,4496694.0,24306.45405,20.0,46.6,53.4
Australia,canberra,24,Good,11,15.63,74.75,58.93,34.06,18231.66,2.19,2664.05,3.05,298594.0,1433.0,15.0,23.2,76.8
Greece,thessaloniki,63,Moderate,63,12.64,42.15,74.99,30.77,22115.89,1.05,762.44,4.03,325182.0,16857.54277,22.0,53.5,46.5
United States of America,oviedo,59,Moderate,59,12.64,39.52,72.01,28.32,25289.89,1.26,877.24,2.0,225005.0,1205.814577,11.0,46.6,53.4
Italy,palermo,61,Moderate,61,10.54,52.69,76.4,35.12,22971.65,1.58,843.0,2.18,686722.0,4322.268379,29.0,45.2,54.8
Germany,augsburg,64,Moderate,64,12.64,63.22,86.93,38.2,22831.15,3.37,1422.56,1.42,286374.0,1949.979572,19.0,46.6,53.4
India,delhi,500,Hazardous,446,4.91,22.11,32.12,33.44,22940.65,0.49,601.02,8.06,28514000.0,19240.21592,47.0,59.2,40.8
Germany,wiesbaden,30,Good,26,12.64,56.9,91.94,38.29,25289.89,3.08,1369.87,5.04,276218.0,1354.474575,26.0,46.6,53.4
China,wuhan,175,Unhealthy,157,3.56,27.05,64.06,46.27,15787.15,0.43,896.84,4.99,10986924.28,1282.171115,16.0,46.6,53.4
Netherlands,bergen,39,Good,39,19.01,87.34,82.2,35.96,37846.52,4.11,1918.01,2.62,252051.0,541.5211086,13.0,25.7,74.3
India,mumbai,155,Unhealthy,155,3.68,18.42,32.77,27.75,22790.48,0.25,1411.12,7.96,12442373.0,20634.11774,53.0,45.0,55.0
Spain,a coruna,27,Good,20,11.59,45.84,84.3,29.24,22918.96,1.34,1053.75,1.97,245053.0,6517.367021,15.0,46.6,53.4
Turkey,adana,55,Moderate,55,2.41,16.1,31.3,30.41,26191.96,0.43,232.55,14.63,1681423.0,453.4349642,27.0,46.6,53.4
New Zealand,auckland,69,Moderate,69,16.03,76.97,72.78,48.26,21678.35,2.61,2425.54,4.52,367634.0,580.7804107,29.0,48.2,51.8
Denmark,odense,43,Good,14,21.26,113.4,86.81,32.43,38036.65,3.4,1701.02,1.25,188777.0,620.9769737,15.0,46.6,53.4
Unknown,fort myers,35,Good,22,15.0,75.0,37.17,51.0,29666.67,2.12,2525.0,5.43,216603.0,573.3644138,19.0,46.6,53.4
United States of America,chicago,64,Moderate,64,20.0,80.0,56.05,37.81,24878.12,2.5,3972.22,5.59,2695598.0,4570.216379,17.0,66.1,33.9
Argentina,cordoba,41,Good,41,5.0,20.0,63.33,48.33,24656.05,0.65,367.56,50.0,328326.0,261.5726577,12.0,61.2,38.8
Poland,bialystok,54,Moderate,54,5.63,30.43,67.61,35.68,21894.05,0.68,676.12,7.55,291383.0,2853.339209,22.0,46.6,53.4
United Kingdom of Great Britain and Northern Ireland,brighton,28,Good,22,18.45,73.8,73.34,40.74,32053.81,3.32,2813.63,2.45,474485.0,5420.207905,28.0,37.4,62.6
United States of America,dunedin,63,Moderate,63,20.85,75.0,70.55,38.48,30466.49,1.8,1844.02,3.14,120246.0,35.98025135,19.0,46.6,53.4
United States of America,indianapolis,71,Moderate,71,19.0,77.5,44.44,32.06,23438.17,1.75,2537.5,5.44,829718.0,885.8444308,9.0,58.9,41.1
Australia,newcastle,48,Good,48,14.27,74.75,71.36,32.28,24011.81,2.04,2086.31,3.1,282431.0,1019.0,19.0,48.1,51.9
Iceland,reykjavik,23,Good,22,17.72,106.31,107.01,39.53,39284.2,3.47,2117.71,5.8,131136.0,478.5985401,16.0,23.8,76.2
Italy,turin,61,Moderate,61,13.7,59.54,65.27,29.12,27890.0,1.79,1363.28,1.77,865263.0,6647.176769,20.0,52.1,47.9
United States of America,manchester,58,Moderate,58,18.45,73.8,83.25,34.73,30079.5,3.08,2148.4,2.94,2553379.0,22078.50411,22.0,55.4,44.6
Turkey,konya,64,Moderate,64,2.55,13.42,30.94,31.37,26123.22,0.19,224.2,23.97,1154541.0,380.0332456,17.0,46.6,53.4
Lithuania,vilnius,35,Good,24,10.01,52.69,74.57,36.72,24019.54,0.79,1370.04,2.42,524406.0,1307.745636,26.0,27.6,72.4
Indonesia,medan,101,Unhealthy for Sensitive Groups,101,1.94,10.05,40.37,28.36,20504.43,0.32,388.91,9.5,2097610.0,7912.523576,20.0,46.6,53.4
Australia,brisbane,31,Good,31,13.59,67.96,72.56,42.17,19223.04,3.57,2163.03,3.67,1751620.0,1548.0,22.0,35.5,64.5
Romania,bucharest,50,Good,50,10.7,42.82,72.85,39.63,23129.14,0.64,889.03,6.43,1883425.0,7913.55042,42.0,28.2,71.8
Italy,cagliari,64,Moderate,64,15.81,63.22,94.84,35.56,27924.25,1.37,1043.21,2.14,164249.0,1919.918177,19.0,35.9,64.1
Spain,cartagena,50,Good,50,2.52,20.1,37.81,24.41,14818.82,0.57,632.02,10.16,895400.0,1601.788909,20.0,46.6,53.4
Spain,cartagena,50,Good,50,2.52,20.1,37.81,24.41,14818.82,0.57,632.02,10.16,215757.0,386.5920086,12.0,46.6,53.4
Spain,cartagena,50,Good,50,10.54,42.15,38.99,26.34,25202.07,1.26,832.46,2.96,895400.0,1601.788909,20.0,46.6,53.4
Spain,cartagena,50,Good,50,10.54,42.15,38.99,26.34,25202.07,1.26,832.46,2.96,215757.0,386.5920086,12.0,46.6,53.4
United Kingdom of Great Britain and Northern Ireland,sheffield,31,Good,31,13.53,61.5,82.41,31.28,27060.0,2.71,1735.84,3.79,685368.0,1862.716747,20.0,43.5,56.5
El Salvador,berlin,69,Moderate,69,12.64,63.22,88.38,37.06,28145.4,3.16,2447.03,2.18,3552000.0,3983.491836,30.0,43.2,56.8
Germany,bielefeld,32,Good,32,10.54,47.42,87.67,33.02,26317.29,2.95,1659.65,2.4,333090.0,1286.956186,17.0,46.6,53.4
Germany,munich,45,Good,45,15.81,65.86,91.81,37.83,23480.74,3.69,2599.04,2.02,1450381.0,4668.107499,24.0,18.8,81.2
United States of America,miami,55,Moderate,55,20.0,100.0,47.71,40.36,24272.73,2.5,4620.37,5.33,399457.0,4284.713625,23.0,52.6,47.4
Ireland,limerick,23,Good,17,15.81,73.76,47.29,34.07,22128.65,2.11,2212.86,3.23,58319.0,2805.146705,28.0,39.5,60.5
Austria,linz,57,Moderate,57,15.28,63.22,97.37,37.14,20643.68,2.74,1434.26,2.26,204846.0,2134.034795,17.0,46.6,53.4
United Kingdom of Great Britain and Northern Ireland,preston,65,Moderate,65,12.3,44.72,70.73,30.75,25669.28,2.52,1660.5,2.6,313332.0,2203.150049,16.0,46.6,53.4
China,shenyang,125,Unhealthy for Sensitive Groups,125,2.85,21.35,48.22,42.66,22814.73,0.28,711.77,5.56,6927041.125,1353.995529,28.0,46.6,53.4
Russian Federation,kazan,43,Good,43,7.98,40.0,104.57,60.36,36342.86,0.56,960.0,11.02,1240000.0,2917.647059,29.0,46.6,53.4
Germany,karlsruhe,55,Moderate,55,11.59,63.22,94.13,43.03,25421.6,2.95,1506.86,1.45,307755.0,1774.213075,19.0,37.5,62.5
United States of America,grand rapids,75,Moderate,75,15.0,60.0,63.75,38.67,24083.33,1.75,2850.0,5.43,188040.0,1621.47063,10.0,46.6,53.4
Netherlands,nijmegen,35,Good,35,15.81,73.76,104.06,40.04,22479.9,2.21,1804.54,3.0,162932.0,2832.122371,21.0,46.6,53.4
Finland,helsinki,162,Unhealthy,162,13.7,84.3,95.97,41.03,32816.64,2.95,2115.81,1.23,653835.0,913.8410578,15.0,24.8,75.2
South Africa,pretoria,329,Hazardous,329,6.84,34.22,43.48,31.79,20896.36,2.28,707.13,8.63,3280000.0,5189.873418,20.0,82.0,18.0
China,shanghai,156,Unhealthy,152,5.69,39.86,70.49,34.92,20750.95,0.57,2952.7,5.03,24210539.18,3818.094809,22.0,30.6,69.4
Russian Federation,yekaterinburg,40,Good,22,9.6,38.4,91.89,51.01,38510.47,0.51,857.14,12.03,1377738.0,2805.983707,36.0,46.4,53.6
Italy,catania,73,Moderate,73,12.64,52.69,74.93,26.34,17159.23,1.05,869.34,2.32,313110.0,1731.037152,23.0,63.9,36.1
Saudi Arabia,mecca,150,Unhealthy,150,6.65,53.21,30.06,48.68,19952.72,1.06,585.28,5.5,1534731.0,2019.382895,20.0,46.6,53.4
Italy,modena,65,Moderate,63,16.33,63.22,98.35,28.06,17913.67,2.11,1053.75,2.6,175502.0,957.8235005,12.0,46.6,53.4
Mexico,monterrey,85,Moderate,85,10.31,41.26,45.12,31.14,17684.72,0.77,1142.45,11.1,1109171.0,1143.829019,20.0,48.3,51.7
United States of America,tucson,80,Moderate,80,15.0,55.0,49.29,29.62,24333.0,1.62,2125.0,5.38,520116.0,833.2932414,16.0,51.5,48.5
Netherlands,groningen,37,Good,36,15.81,84.3,80.98,32.23,32025.07,2.63,1254.83,2.01,187622.0,2241.065456,20.0,22.1,77.9
United States of America,charlotte,61,Moderate,61,15.0,60.0,40.75,32.5,23166.67,2.45,3871.88,5.32,731424.0,916.0495053,13.0,46.7,53.3
United States of America,worcester,46,Good,35,14.15,61.5,65.5,53.3,24600.0,3.08,1240.25,3.63,181045.0,1870.957205,9.0,46.6,53.4
Peru,lima,110,Unhealthy for Sensitive Groups,110,3.92,22.19,43.81,28.35,21697.31,0.52,954.12,8.29,8574974.0,3211.600749,42.0,70.9,29.1
United States of America,salt lake city,39,Good,39,17.0,67.5,56.8,40.1,27522.25,2.5,2777.53,5.14,186440.0,652.4044124,13.0,33.7,66.3
Netherlands,amersfoort,30,Good,17,16.86,68.49,84.3,40.39,30909.86,3.16,1756.24,2.32,144879.0,2268.69715,16.0,46.6,53.4
Colombia,granada,61,Moderate,61,10.54,52.69,77.06,31.61,21074.9,1.48,1001.06,2.12,241003.0,2732.460317,20.0,46.6,53.4
Bulgaria,sofia,50,Good,50,10.69,37.4,64.68,33.48,22857.83,0.85,828.19,3.15,1272000.0,970.9923664,30.0,41.9,58.1
United States of America,fort worth,61,Moderate,61,14.0,60.0,49.62,32.33,23432.67,2.5,3025.0,5.31,741206.0,824.1014721,20.0,46.6,53.4
Turkey,gaziantep,53,Moderate,53,3.22,16.1,24.82,33.54,31304.95,0.35,295.16,19.0,1467442.0,686.5289968,24.0,46.6,53.4
India,pune,98,Moderate,98,3.68,14.74,29.56,30.88,21989.65,0.37,485.56,8.0,3124458.0,6932.609998,42.0,41.6,58.4
United States of America,greensboro,60,Moderate,60,15.0,65.0,35.0,31.99,25100.0,1.5,2000.0,5.43,374037.0,776.6465727,7.0,46.6,53.4
United States of America,jacksonville,57,Moderate,57,14.0,60.0,49.75,34.88,22065.62,1.75,2116.25,4.97,821784.0,424.5931992,13.0,57.1,42.9
France,nice,54,Moderate,54,20.02,76.4,71.0,38.64,29856.11,1.58,1826.49,1.17,343889.0,4781.548943,25.0,60.1,39.9
Brazil,recife,42,Good,42,4.79,22.99,47.18,40.87,28367.25,0.8,447.05,8.43,1536934.0,7066.688124,37.0,76.4,23.6
Netherlands,rotterdam,35,Good,27,15.81,68.49,67.62,32.53,29252.23,4.21,1978.1,2.39,602620.0,1849.66237,19.0,32.9,67.1
Italy,parma,86,Moderate,86,15.81,73.76,91.54,42.15,28003.28,1.58,974.71,2.42,163457.0,626.8244046,14.0,46.6,53.4
United Kingdom of Great Britain and Northern Ireland,southampton,39,Good,39,14.11,67.65,85.08,35.88,32441.26,2.58,1691.25,4.55,234100.0,4548.280552,24.0,46.6,53.4
United Kingdom of Great Britain and Northern Ireland,bournemouth,37,Good,37,24.6,73.8,74.42,37.82,27675.0,3.08,2060.25,2.85,466266.0,9920.553191,25.0,46.6,53.4
Brazil,brasilia,21,Good,11,5.75,38.32,44.88,42.14,27692.64,1.05,851.14,9.69,2562963.0,441.7424172,16.0,59.9,40.1
United Kingdom of Great Britain and Northern Ireland,belfast,29,Good,23,19.07,73.8,67.65,39.21,25908.8,3.2,1634.14,2.81,595879.0,5181.556522,25.0,45.4,54.6
United States of America,columbus,51,Moderate,51,15.0,65.0,44.33,37.33,23214.29,2.05,2561.54,5.27,787033.0,1381.020473,11.0,47.2,52.8
Germany,bonn,32,Good,30,15.81,73.76,78.89,36.22,25629.72,3.16,2212.86,2.66,318809.0,2260.094995,21.0,40.5,59.5
Thailand,bangkok,69,Moderate,69,2.74,28.8,56.55,38.02,26234.16,1.27,2044.33,5.64,8280925.0,5278.74459,44.0,40.5,59.5
Israel,ramat gan,70,Moderate,70,20.55,88.08,92.23,61.62,39407.82,1.76,2084.53,3.62,143600.0,11966.66667,20.0,46.6,53.4
New Zealand,wellington,24,Good,17,12.83,64.14,71.68,40.55,20483.9,2.36,2269.15,4.05,190956.0,658.4689655,27.0,32.4,67.6
Germany,mannheim,30,Good,24,11.59,63.22,81.67,33.37,24938.64,2.85,1277.14,2.13,305780.0,2109.409492,18.0,46.6,53.4
United Kingdom of Great Britain and Northern Ireland,nottingham,49,Good,49,14.76,61.5,90.88,34.85,29925.9,3.32,1906.5,4.41,729977.0,9783.902962,22.0,50.4,49.6
United States of America,portsmouth,47,Good,47,14.76,63.96,60.13,31.98,30397.4,3.57,1722.0,4.45,238137.0,5916.447205,22.0,46.6,53.4
Latvia,riga,54,Moderate,54,11.06,52.69,66.49,41.8,23156.05,1.21,845.4,2.45,637971.0,2106.905548,22.0,38.5,61.5
Turkey,kayseri,40,Good,40,5.37,10.73,53.32,36.22,32505.94,0.35,328.28,22.93,1031696.0,328.9385418,16.0,46.6,53.4
Indonesia,tangerang,201,Very Unhealthy,167,1.94,19.45,30.24,27.52,24365.49,0.29,842.65,10.75,1798601.0,10931.08667,20.0,46.6,53.4
United States of America,honolulu,30,Good,30,18.0,82.5,49.75,48.0,21533.0,3.0,3776.92,6.11,337256.0,2150.771413,19.0,47.3,52.7
Ireland,cork,27,Good,13,15.81,79.03,77.11,35.56,30615.25,2.53,2486.34,3.07,125622.0,3140.55,26.0,35.6,64.4
United States of America,tulsa,54,Moderate,54,13.25,48.0,41.75,40.67,23600.0,2.5,1962.5,4.85,391906.0,766.0269606,11.0,46.6,53.4
Netherlands,utrecht,31,Good,28,17.91,63.22,99.91,46.1,33575.88,2.79,2090.37,2.86,306731.0,3091.734704,15.0,46.6,53.4
China,qingdao,232,Very Unhealthy,232,2.99,21.35,50.34,30.87,16513.16,0.43,699.91,5.0,6302490.38,1206.218255,25.74695396,46.6,53.4
United States of America,jersey city,70,Moderate,70,15.0,80.0,50.75,55.8,18666.67,2.75,4500.0,5.43,247597.0,6484.038218,20.0,46.6,53.4
United States of America,rome,67,Moderate,67,16.33,73.76,84.13,36.52,28654.34,1.58,2284.37,1.99,2546804.0,1947.529651,27.0,53.0,47.0
Switzerland,lugano,62,Moderate,62,32.05,106.85,115.24,40.96,29863.18,2.56,3107.41,1.38,62315.0,2378.435115,26.0,46.6,53.4
United States of America,detroit,88,Moderate,88,15.63,60.0,53.5,40.0,26901.67,2.0,2716.67,5.21,713777.0,1986.515727,11.0,74.1,25.9
United States of America,orlando,58,Moderate,58,20.0,70.0,40.37,30.27,24571.43,2.0,3116.67,5.41,238300.0,831.7281933,17.0,51.5,48.5
Norway,oslo,39,Good,14,20.55,112.0,93.19,42.6,34816.07,4.01,2334.05,2.78,560484.0,1234.573449,20.0,34.1,65.9
France,lyon,107,Unhealthy for Sensitive Groups,107,15.81,63.22,84.83,34.91,21352.39,2.0,1640.83,1.57,525236.0,10953.8269,25.0,52.8,47.2
United States of America,houston,103,Unhealthy for Sensitive Groups,103,16.5,75.0,48.81,40.15,23958.81,1.25,2941.19,4.91,2099451.0,1265.688045,16.0,63.8,36.2
Italy,milan,67,Moderate,67,21.07,84.3,96.07,35.27,28783.71,2.11,2766.72,1.68,1256211.0,6899.604548,23.0,48.7,51.3
Canada,montreal,68,Moderate,68,14.82,66.7,62.79,35.84,19365.84,2.59,1846.59,5.41,1704694.0,4668.731685,20.0,31.8,68.2
France,toulouse,53,Moderate,53,17.12,63.22,97.7,42.75,26036.29,1.79,1505.35,1.17,491942.0,4158.427726,21.0,50.1,49.9
Azerbaijan,baku,79,Moderate,79,5.88,29.41,43.8,41.5,21504.29,0.18,627.73,9.15,2286000.0,1073.239437,20.0,30.5,69.5
India,bengaluru,77,Moderate,77,3.07,18.42,30.92,32.34,24236.01,0.61,639.32,7.97,8443675.0,11394.97301,51.0,54.6,45.4
Portugal,braga,39,Good,16,8.43,31.61,77.58,31.88,26343.63,1.63,965.93,1.57,181474.0,990.6326765,15.0,46.6,53.4
China,chongqing,283,Very Unhealthy,283,2.85,17.08,31.67,23.23,17054.11,0.43,444.93,5.33,24299808.69,561.67646,42.0,46.6,53.4
Czechia,brno,73,Moderate,73,7.79,34.61,79.53,35.69,25121.88,1.08,1141.65,4.55,384277.0,1669.390503,22.0,26.1,73.9
China,chengdu,386,Hazardous,386,2.85,24.77,83.57,32.52,20208.69,0.43,811.42,5.08,10807280.13,2939.156957,28.0,46.6,53.4
United States of America,denver,53,Moderate,53,18.0,75.0,60.08,37.63,23528.31,3.0,3436.84,4.92,600158.0,1513.778956,15.0,45.3,54.7
Germany,dresden,54,Moderate,54,10.54,47.42,90.92,42.15,25835.73,2.63,1141.56,2.62,543825.0,1655.580248,23.0,31.0,69.0
Philippines,santiago,62,Moderate,62,9.05,45.27,48.17,28.06,17815.51,0.91,835.52,6.17,311415.0,13902.45536,31.0,61.2,38.8
United States of America,seattle,36,Good,36,20.0,100.0,53.53,44.95,25244.69,2.75,4174.86,5.23,608660.0,2803.339003,19.0,52.8,47.2
United Kingdom of Great Britain and Northern Ireland,leicester,33,Good,33,17.22,61.5,69.93,43.05,29848.0,2.83,1449.35,3.08,508916.0,6941.025641,22.0,46.6,53.4
Ukraine,odesa,48,Good,48,5.44,21.76,57.77,32.12,16929.94,0.41,513.88,17.24,1029049.0,4343.811735,44.0,46.6,53.4
United Kingdom of Great Britain and Northern Ireland,london,40,Good,40,18.45,79.95,89.1,40.65,29001.52,3.2,4000.78,2.97,366151.0,870.6065578,18.0,53.8,46.2
United Kingdom of Great Britain and Northern Ireland,london,40,Good,40,18.45,79.95,89.1,40.65,29001.52,3.2,4000.78,2.97,366151.0,870.6065578,18.0,53.0,47.0
United Kingdom of Great Britain and Northern Ireland,london,40,Good,40,18.45,79.95,89.1,40.65,29001.52,3.2,4000.78,2.97,9787426.0,6226.097964,31.0,53.8,46.2
United Kingdom of Great Britain and Northern Ireland,london,40,Good,40,18.45,79.95,89.1,40.65,29001.52,3.2,4000.78,2.97,9787426.0,6226.097964,31.0,53.0,47.0
United Kingdom of Great Britain and Northern Ireland,london,40,Good,40,16.68,74.11,68.6,37.39,18462.91,2.22,2559.89,4.53,366151.0,870.6065578,18.0,53.8,46.2
United Kingdom of Great Britain and Northern Ireland,london,40,Good,40,16.68,74.11,68.6,37.39,18462.91,2.22,2559.89,4.53,366151.0,870.6065578,18.0,53.0,47.0
United Kingdom of Great Britain and Northern Ireland,london,40,Good,40,16.68,74.11,68.6,37.39,18462.91,2.22,2559.89,4.53,9787426.0,6226.097964,31.0,53.8,46.2
United Kingdom of Great Britain and Northern Ireland,london,40,Good,40,16.68,74.11,68.6,37.39,18462.91,2.22,2559.89,4.53,9787426.0,6226.097964,31.0,53.0,47.0
Australia,adelaide,44,Good,44,12.57,67.96,67.56,46.7,20288.54,2.89,2089.71,3.2,1161597.0,1423.0,21.0,31.1,68.9
Sri Lanka,colombo,56,Moderate,56,1.36,10.85,20.59,12.77,28672.95,0.11,549.78,16.08,561364.0,15172.0,20.0,41.6,58.4
United Kingdom of Great Britain and Northern Ireland,coventry,30,Good,25,12.3,49.2,67.34,33.7,26527.0,2.83,1131.6,4.23,359262.0,3642.153285,17.0,63.6,36.4
Unknown,funchal,35,Good,17,8.43,36.88,66.74,31.48,30382.99,2.05,1308.4,2.23,111892.0,1476.147757,12.0,46.6,53.4
Unknown,durban,90,Moderate,90,8.55,34.22,43.34,28.29,22643.19,1.14,678.97,8.52,3700000.0,1614.310646,16.0,81.0,19.0
Viet Nam,ho chi minh city,86,Moderate,86,2.04,24.48,45.63,35.57,36393.31,0.29,1207.45,9.11,5834954.0,20618.21201,20.0,52.5,47.5
United States of America,hamilton,45,Good,45,29.0,150.0,90.75,55.0,36000.0,4.0,6666.67,6.5,536917.0,480.5787528,12.0,55.3,44.7
United States of America,hamilton,45,Good,45,29.0,150.0,90.75,55.0,36000.0,4.0,6666.67,6.5,536917.0,480.5787528,12.0,49.7,50.3
United States of America,hamilton,45,Good,45,29.0,150.0,90.75,55.0,36000.0,4.0,6666.67,6.5,141612.0,1506.510638,24.0,55.3,44.7
United States of America,hamilton,45,Good,45,29.0,150.0,90.75,55.0,36000.0,4.0,6666.67,6.5,141612.0,1506.510638,24.0,49.7,50.3
United States of America,hamilton,45,Good,45,14.08,61.14,51.65,41.23,19615.76,2.41,1897.34,4.62,536917.0,480.5787528,12.0,55.3,44.7
United States of America,hamilton,45,Good,45,14.08,61.14,51.65,41.23,19615.76,2.41,1897.34,4.62,536917.0,480.5787528,12.0,49.7,50.3
United States of America,hamilton,45,Good,45,14.08,61.14,51.65,41.23,19615.76,2.41,1897.34,4.62,141612.0,1506.510638,24.0,55.3,44.7
United States of America,hamilton,45,Good,45,14.08,61.14,51.65,41.23,19615.76,2.41,1897.34,4.62,141612.0,1506.510638,24.0,49.7,50.3
Sweden,malmo,35,Good,26,9.68,77.47,92.89,31.73,20943.95,2.71,1263.78,1.78,298963.0,1921.85009,14.0,55.7,44.3
Australia,wollongong,24,Good,19,12.91,47.57,69.32,29.73,24434.96,2.42,4383.29,3.8,143375.0,1296.0,14.0,51.7,48.3
United Kingdom of Great Britain and Northern Ireland,perth,37,Good,37,16.99,67.96,65.71,42.79,20049.89,2.72,2043.14,3.92,1456124.0,1263.0,19.0,41.7,58.3
Italy,pescara,70,Moderate,70,18.97,63.22,88.87,34.25,21074.9,1.58,930.81,1.91,116286.0,3474.335226,17.0,46.6,53.4
Colombia,bogota,75,Moderate,75,3.15,18.88,41.2,29.25,17420.33,0.56,611.61,11.76,10763453.0,6060.571065,53.0,66.0,34.0
United Arab Emirates,sharjah,169,Unhealthy,156,5.45,19.06,45.21,59.7,19663.01,2.18,1236.98,4.44,665091.0,255.8042308,20.0,15.9,84.1
Australia,sydney,42,Good,42,13.59,81.55,76.13,50.78,19828.64,3.06,3362.87,2.97,4556961.0,2302.0,28.0,33.9,66.1
Poland,warsaw,40,Good,29,7.89,45.07,74.9,33.15,22271.23,0.99,1466.44,8.01,1671670.0,3231.903952,31.0,26.1,73.9
United States of America,baltimore,36,Good,36,14.5,65.0,41.87,25.71,25750.0,1.9,3225.0,5.43,620961.0,2961.90314,12.0,75.5,24.5
Poland,bydgoszcz,35,Good,35,7.89,40.57,87.45,42.54,19799.19,0.86,661.31,6.1,373804.0,2124.127742,27.0,46.6,53.4
United Kingdom of Great Britain and Northern Ireland,reading,32,Good,32,24.6,73.8,73.8,44.28,27202.99,2.77,2107.58,2.8,318014.0,7871.633663,25.0,46.6,53.4
France,montpellier,43,Good,43,13.7,63.22,73.76,43.03,25904.57,1.69,2397.27,1.75,293410.0,5158.403657,24.0,60.5,39.5
Japan,nagoya,59,Moderate,59,7.45,37.23,36.61,26.8,22335.55,1.79,3190.79,1.0,2295638.0,7032.127431,33.0,46.6,53.4
United States of America,las vegas,46,Good,46,17.25,64.5,46.25,36.62,25575.0,2.5,2268.42,5.36,583756.0,1589.204811,16.0,55.2,44.8
Russian Federation,omsk,55,Moderate,55,8.0,32.0,56.96,51.84,45221.21,0.48,760.0,11.0,1172070.0,2045.854425,31.0,46.6,53.4
United States of America,birmingham,86,Moderate,86,13.47,61.5,73.12,36.9,29520.0,2.95,2174.26,3.05,2651305.0,7862.474422,19.0,62.6,37.4
United States of America,birmingham,86,Moderate,86,13.47,61.5,73.12,36.9,29520.0,2.95,2174.26,3.05,212237.0,557.3435628,12.0,62.6,37.4
United States of America,birmingham,86,Moderate,86,15.5,60.0,65.57,41.71,26672.0,1.38,2140.0,5.43,2651305.0,7862.474422,19.0,62.6,37.4
United States of America,birmingham,86,Moderate,86,15.5,60.0,65.57,41.71,26672.0,1.38,2140.0,5.43,212237.0,557.3435628,12.0,62.6,37.4
United States of America,bristol,71,Moderate,71,18.45,73.8,86.1,35.81,27367.5,3.08,2163.67,3.31,617280.0,5611.636364,23.0,41.7,58.3
Canada,edmonton,49,Good,49,18.53,66.7,53.23,30.63,18299.17,2.59,1535.36,4.82,932546.0,1362.634248,13.0,45.9,54.1
United States of America,glasgow,50,Good,31,18.45,73.8,78.8,33.44,31277.15,3.08,1718.16,3.57,957620.0,5456.524217,20.0,45.3,54.7
France,grenoble,50,Good,40,14.23,52.69,90.32,34.9,34246.72,1.79,1132.78,1.09,159855.0,8817.153889,26.0,57.4,42.6
Netherlands,amsterdam,38,Good,30,19.49,84.3,89.57,40.24,31264.62,3.37,3034.43,3.04,767849.0,3499.129603,18.0,32.0,68.0
Brazil,rio de janeiro,87,Moderate,87,6.71,28.74,40.99,42.03,26731.2,0.86,795.11,9.68,6323037.0,5348.081705,32.0,77.6,22.4
Canada,winnipeg,54,Moderate,54,14.82,55.59,44.07,30.8,19189.0,2.3,1349.06,4.5,705244.0,1519.660403,17.0,58.8,41.2
United States of America,ottawa,69,Moderate,69,18.53,63.0,53.31,36.26,19163.27,2.74,2040.48,5.33,934243.0,334.8277197,19.0,28.3,71.7
United States of America,milwaukee,49,Good,49,15.0,50.0,51.7,43.57,22166.67,2.5,2156.86,5.04,594833.0,2387.774876,9.0,67.1,32.9
United States of America,athens,69,Moderate,69,12.64,52.69,78.73,35.24,23864.69,1.26,905.38,4.14,664064.0,17044.76386,34.0,55.9,44.1
Netherlands,eindhoven,30,Good,30,16.86,63.22,70.78,33.46,31419.17,4.74,1800.68,2.14,214036.0,2409.230077,18.0,22.8,77.2
Portugal,coimbra,27,Good,23,8.43,36.88,73.41,24.87,33109.18,1.69,763.97,2.28,143396.0,448.9261787,12.0,46.6,53.4
Singapore,singapore,91,Moderate,91,11.09,66.55,76.31,44.52,99668.1,1.48,5414.5,2.5,5688000.0,7804.610318,27.0,29.2,70.8
France,strasbourg,51,Moderate,51,15.81,63.22,104.5,44.26,30558.61,1.9,1264.49,1.4,287532.0,3674.060823,22.0,39.0,61.0
United States of America,new orleans,60,Moderate,60,19.75,77.5,56.78,44.99,25285.71,1.5,2998.33,5.29,343829.0,783.2536631,17.0,67.6,32.4
Slovenia,ljubljana,31,Good,15,10.54,44.26,76.49,36.75,24364.7,1.37,1308.92,2.1,257338.0,935.7745455,17.0,21.8,78.2
Bahrain,manama,188,Unhealthy,188,5.3,53.05,44.1,65.17,21098.97,0.8,1785.3,5.94,153395.0,5113.166667,20.0,46.6,53.4
Italy,genoa,38,Good,34,15.81,63.22,80.74,37.93,29856.11,1.58,1053.75,2.19,610307.0,2505.365353,27.0,44.4,55.6
Netherlands,haarlem,35,Good,27,18.44,71.13,106.07,45.31,24931.61,4.21,2560.07,2.57,149516.0,4659.270801,25.0,46.6,53.4
Belgium,leuven,35,Good,35,15.81,79.03,83.55,37.33,28644.31,2.63,1371.04,2.1,97692.0,1725.092707,21.0,46.6,53.4
Czechia,ostrava,81,Moderate,81,7.79,34.61,83.43,39.24,20915.52,1.08,825.57,4.38,302456.0,1413.345794,13.0,46.6,53.4
Switzerland,zurich,109,Unhealthy for Sensitive Groups,109,26.71,128.21,99.62,49.97,32763.39,4.7,3958.91,1.44,421878.0,4804.98861,27.0,18.3,81.7
Philippines,manila,131,Unhealthy for Sensitive Groups,131,3.59,28.71,39.02,28.23,18370.66,0.54,1704.49,7.8,1846513.0,43062.33675,53.0,65.4,34.6
Netherlands,arnhem,37,Good,37,17.91,52.69,81.67,33.37,32639.76,2.53,1555.59,2.23,147244.0,1450.251157,19.0,46.6,53.4
Mexico,zapopan,52,Moderate,52,7.74,52.86,48.35,38.15,18178.07,0.52,817.74,10.38,1332272.0,1491.655377,20.0,46.6,53.4
Lebanon,beirut,64,Moderate,64,10.0,60.0,83.4,57.78,21328.57,1.91,1477.78,9.91,2400000.0,35820.89552,20.0,46.3,53.7
Netherlands,breda,32,Good,25,20.81,63.22,81.67,31.61,29215.09,4.0,1896.74,2.71,173445.0,1342.973287,19.0,46.6,53.4
China,suzhou,141,Unhealthy for Sensitive Groups,78,4.98,39.15,72.96,56.92,32563.67,0.43,2174.87,4.72,5545856.521,1191.888356,16.0,46.6,53.4
Venezuela (Bolivarian Republic of),valencia,115,Unhealthy for Sensitive Groups,115,12.64,47.42,68.49,30.88,20837.81,1.58,1455.83,2.11,792054.0,5884.502229,17.0,31.8,68.2
United States of America,raleigh,54,Moderate,54,15.0,65.0,46.1,37.29,21525.0,1.62,3245.44,5.6,403892.0,1060.004993,12.0,38.3,61.7
China,nanjing,185,Unhealthy,143,3.13,21.35,54.95,33.78,20000.85,0.57,1174.54,5.24,8385594.495,1273.052147,23.0,46.6,53.4
South Africa,cape town,149,Unhealthy for Sensitive Groups,149,8.55,34.22,46.81,32.75,21346.21,1.14,1364.97,8.53,3740026.0,1532.797541,23.0,73.6,26.4
Belgium,brussels,53,Moderate,53,15.81,73.76,83.82,30.14,28166.61,2.53,1716.65,1.64,168576.0,5169.457222,29.0,54.6,45.4
Venezuela (Bolivarian Republic of),caracas,66,Moderate,66,10.0,50.0,41.43,40.0,34714.29,0.35,831.25,27.0,1943901.0,4489.378753,20.0,83.6,16.4
United States of America,cleveland,55,Moderate,55,12.0,70.5,50.22,33.55,23183.33,2.5,2600.0,5.46,396815.0,1970.928904,9.0,64.0,36.0
Netherlands,leiden,38,Good,32,15.81,63.22,88.78,33.19,28136.25,3.16,2239.21,2.11,117342.0,5066.580311,21.0,46.6,53.4
United States of America,little rock,68,Moderate,68,15.0,62.5,37.95,29.25,26857.46,1.68,1683.33,5.44,193524.0,622.4297823,8.0,46.6,53.4
Austria,graz,57,Moderate,57,11.59,60.59,95.36,44.41,21055.0,2.85,1269.76,1.82,289440.0,2268.871992,23.0,26.3,73.7
United States of America,dallas,70,Moderate,70,20.0,75.0,52.74,47.96,22234.25,2.5,3498.93,4.65,1939022.0,1089.998553,13.0,51.1,48.9
Switzerland,lausanne,62,Moderate,62,26.71,117.53,113.13,54.75,36014.71,3.95,3454.66,1.57,140202.0,3388.158531,22.0,26.2,73.8
Spain,malaga,46,Good,46,10.54,47.42,80.35,33.12,24130.77,1.48,1188.39,2.17,561435.0,1423.155894,15.0,27.1,72.9
Brazil,vitoria,60,Moderate,60,5.36,38.32,36.4,45.02,26679.31,0.79,517.3,10.41,240753.0,869.7723988,14.0,46.6,53.4
Germany,cologne,53,Moderate,53,13.7,55.32,86.27,30.56,28978.78,3.16,1712.34,2.67,1060582.0,2618.591674,21.0,42.0,58.0
Unknown,stavanger,29,Good,14,20.04,92.48,115.8,54.78,33527.57,4.16,2089.27,3.39,119586.0,1674.87395,12.0,23.3,76.7
United States of America,omaha,43,Good,43,20.0,75.0,57.86,40.29,24416.67,1.25,1650.0,5.43,471188.0,985.9084009,10.0,46.6,53.4
Germany,dusseldorf,53,Moderate,53,11.59,59.54,109.14,39.14,23656.58,3.16,1886.91,1.88,612178.0,2815.776643,19.0,35.4,64.6
United States of America,naples,31,Good,24,15.81,52.69,67.62,35.48,26080.19,1.37,1112.82,1.67,1004500.0,8565.703078,25.0,61.7,38.3
United States of America,virginia beach,46,Good,26,23.0,80.0,60.38,36.25,24230.0,2.0,2950.0,5.44,437994.0,691.0290584,13.0,46.6,53.4
Germany,stuttgart,38,Good,38,12.64,63.22,81.84,32.21,25393.5,2.9,1885.85,2.61,623738.0,3008.140825,25.0,31.4,68.6
United States of America,melbourne,39,Good,39,15.63,81.55,73.63,45.78,19141.31,3.13,2385.93,3.44,4274287.0,1471.0,23.0,44.0,56.0
United States of America,louisville,84,Moderate,84,15.0,57.5,43.0,30.5,24003.12,1.8,1857.14,5.27,741096.0,4653.979556,11.0,57.3,42.7
Belgium,antwerp,39,Good,39,18.97,79.03,97.18,46.83,26868.75,2.63,1369.87,1.78,507911.0,2483.550927,24.0,40.0,60.0
Venezuela (Bolivarian Republic of),barcelona,163,Unhealthy,163,14.75,63.22,77.21,32.81,26830.67,2.53,1798.22,2.11,1611013.0,16405.4277,22.0,49.8,50.2
Italy,bologna,45,Good,45,17.91,71.13,79.38,27.84,28714.56,1.58,1533.48,2.08,371217.0,2637.795779,18.0,47.6,52.4
Philippines,pamplona,81,Moderate,81,12.64,52.69,92.52,31.61,18440.54,1.4,1194.24,1.82,195943.0,8232.89916,15.0,46.6,53.4
China,ningbo,205,Very Unhealthy,151,4.63,23.49,41.52,31.5,21827.74,0.28,889.72,5.17,4268511.081,1144.372944,17.0,46.6,53.4
Austria,salzburg,70,Moderate,70,15.28,63.22,87.31,36.0,20539.25,2.63,1565.29,2.22,155021.0,2361.325209,23.0,46.6,53.4
China,taipei,167,Unhealthy,124,5.89,39.28,75.69,32.38,24854.67,0.82,1474.67,1.67,4000000.0,1948.785906,20.0,15.1,84.9
China,taipei,167,Unhealthy,124,5.89,39.28,75.69,32.38,24854.67,0.82,1474.67,1.67,2682721.0,9870.202355,37.0,15.1,84.9
Colombia,fresno,64,Moderate,64,15.0,60.0,41.86,30.0,22225.0,1.5,2700.0,5.19,494665.0,1658.255767,18.0,46.6,53.4
United States of America,buffalo,39,Good,39,15.0,75.0,53.17,27.0,32469.25,2.0,2225.0,5.43,261310.0,2498.72016,10.0,46.6,53.4
United States of America,el paso,100,Unhealthy for Sensitive Groups,100,12.0,41.25,47.38,32.38,24900.0,1.5,1556.0,5.43,649121.0,969.8679617,12.0,46.6,53.4
United States of America,verona,66,Moderate,66,15.81,55.32,82.04,35.38,28319.4,1.37,1527.93,1.98,253208.0,1225.417413,16.0,46.6,53.4
Portugal,lisbon,41,Good,19,12.64,52.69,80.35,32.14,31189.24,1.95,2149.25,2.42,547631.0,6471.649728,23.0,29.6,70.4
United States of America,bakersfield,61,Moderate,61,16.0,55.0,42.5,30.0,34543.25,1.75,2256.43,7.62,347483.0,895.7673438,18.0,46.6,53.4
Estonia,tallinn,96,Moderate,96,13.7,63.22,86.89,37.4,24997.61,1.58,1296.11,2.28,450830.0,2831.846734,26.0,24.7,75.3
Germany,nuremberg,29,Good,26,10.54,52.69,85.94,46.1,26132.88,2.95,1440.12,1.97,509975.0,2736.210967,25.0,34.9,65.1
United States of America,leeds,35,Good,35,14.76,61.5,87.47,37.67,25308.79,2.71,1820.4,3.0,2300386.0,2161.773108,19.0,42.8,57.2
United States of America,memphis,67,Moderate,67,15.5,60.0,46.56,32.86,20042.6,1.75,2337.5,5.2,646889.0,841.0094595,11.0,74.8,25.2
Russian Federation,novosibirsk,42,Good,36,9.6,48.0,81.5,50.4,40466.67,0.43,858.18,12.34,1612833.0,3381.201258,45.0,47.7,52.3
Colombia,madrid,96,Moderate,96,12.64,52.69,77.06,35.43,25404.84,1.58,1813.42,2.29,3198645.0,5280.034665,15.0,30.1,69.9
United States of America,vancouver,49,Good,49,18.16,83.38,58.69,37.87,19160.9,2.3,3373.09,4.46,631486.0,5492.615465,30.0,39.6,60.4
United States of America,charleston,78,Moderate,78,21.0,70.0,56.88,39.0,35000.0,2.0,3666.67,5.43,120083.0,404.018352,17.0,46.6,53.4
Poland,katowice,80,Moderate,80,6.76,33.81,65.43,32.68,23320.67,0.81,646.98,4.87,327222.0,1987.5,16.0,46.6,53.4
Canada,toronto,38,Good,38,18.53,85.23,60.67,37.89,19623.25,2.41,2733.4,5.24,2731571.0,4334.38219,22.0,42.2,57.8
Russian Federation,chelyabinsk,33,Good,22,12.8,32.0,71.2,53.33,37760.01,0.45,458.67,11.5,1198680.0,2261.660377,31.0,46.6,53.4
Turkey,ankara,44,Good,36,3.76,16.1,35.5,26.72,31741.92,0.38,487.81,20.98,4890893.0,1943.916137,28.0,39.5,60.5
Switzerland,geneva,128,Unhealthy for Sensitive Groups,128,26.71,128.21,99.72,61.97,32943.88,3.21,4336.65,1.28,203856.0,12805.02513,29.0,29.7,70.3
Hungary,budapest,81,Moderate,81,8.23,38.57,69.57,31.89,22011.83,0.9,886.09,8.13,1729040.0,3293.409524,27.0,34.8,65.2
Brazil,sao paulo,198,Unhealthy,198,7.66,38.32,58.83,49.57,27234.36,0.84,990.82,9.4,11244369.0,7383.087873,30.0,70.5,29.5
France,lille,48,Good,48,14.75,52.69,95.89,35.96,26343.63,1.84,1417.29,1.48,235189.0,6752.483491,20.0,51.9,48.1
South Africa,johannesburg,121,Unhealthy for Sensitive Groups,121,8.55,34.22,47.75,26.42,21046.69,1.82,756.77,9.12,3888100.0,14453.90335,21.0,80.7,19.3
Netherlands,tilburg,37,Good,37,12.64,79.03,56.11,26.34,30734.59,3.42,1630.57,2.06,204924.0,1719.882501,19.0,46.6,53.4
Unknown,mersin,46,Good,46,2.68,12.07,33.81,23.83,25943.31,0.38,365.6,18.25,921784.0,303.4180382,23.0,46.6,53.4
Australia,hobart,48,Good,48,17.74,67.96,68.64,32.85,16638.69,2.17,1317.76,2.5,49887.0,654.6850394,20.0,32.3,67.7
United States of America,washington,66,Moderate,66,19.5,82.5,54.7,33.42,21599.78,2.75,4600.0,5.16,601723.0,3800.768897,17.0,60.1,39.9
Unknown,copenhagen,36,Good,36,19.85,113.4,106.09,50.62,38304.11,3.4,2669.65,1.69,528208.0,6002.363636,18.0,26.5,73.5
United States of America,rochester,46,Good,46,20.0,70.0,47.38,29.17,23550.67,1.0,1650.0,5.4,210565.0,2273.068299,10.0,46.6,53.4
United States of America,knoxville,56,Moderate,19,14.0,55.0,44.0,37.17,20875.0,1.5,2120.0,5.27,178874.0,699.5787423,10.0,46.6,53.4
United Kingdom of Great Britain and Northern Ireland,edinburgh,35,Good,32,18.45,73.8,74.68,43.33,24575.25,2.21,2229.38,2.31,482270.0,1862.046332,32.0,30.9,69.1
United Kingdom of Great Britain and Northern Ireland,middlesbrough,45,Good,45,12.3,52.28,89.79,49.2,27060.0,3.38,876.38,3.83,376663.0,6990.775798,18.0,46.6,53.4
United States of America,florence,43,Good,43,15.81,63.22,76.26,39.22,27252.49,1.58,1738.68,1.71,356118.0,3477.375256,17.0,38.4,61.6
Germany,munster,53,Moderate,53,10.54,47.42,84.12,28.1,22652.01,4.9,1422.56,1.87,310039.0,1022.286336,19.0,46.6,53.4
Mexico,valladolid,42,Good,42,10.54,42.15,81.67,30.3,24236.14,1.58,1159.12,2.83,311682.0,1578.136709,13.0,46.6,53.4
Slovakia,kosice,85,Moderate,85,6.32,33.19,74.64,34.77,21038.02,0.95,853.53,1.84,238725.0,983.2166392,23.0,46.6,53.4
Malaysia,johor bahru,107,Unhealthy for Sensitive Groups,107,2.17,21.65,60.97,35.82,27250.36,0.54,427.35,4.22,1800000.0,990.2079437,20.0,54.9,45.1
Italy,trieste,47,Good,25,15.81,73.76,94.84,34.77,30295.18,1.42,948.37,1.52,211184.0,2499.514735,18.0,27.0,73.0
United States of America,paris,72,Moderate,72,15.81,63.22,103.86,42.52,28681.63,2.0,3027.12,1.69,2240000.0,21252.37192,32.0,56.9,43.1
Italy,syracuse,56,Moderate,56,13.5,55.0,35.0,31.66,22666.67,2.5,2100.0,5.24,145170.0,2236.71984,8.0,46.6,53.4
France,bruges,42,Good,22,15.81,76.4,87.46,34.25,28451.12,3.06,1013.1,1.6,117577.0,849.5447977,12.0,46.6,53.4
Indonesia,jakarta,197,Unhealthy,155,2.59,22.69,39.51,25.16,28106.01,0.23,1172.14,9.05,9607787.0,14469.55873,36.0,52.7,47.3
United Kingdom of Great Britain and Northern Ireland,liverpool,46,Good,46,18.45,79.95,68.33,41.55,28838.38,3.01,1796.68,3.42,864122.0,7726.412732,23.0,47.5,52.5
Germany,leipzig,62,Moderate,62,9.48,52.69,65.48,44.78,22831.15,3.16,1424.66,1.87,560472.0,1882.041639,23.0,41.6,58.4
Spain,bilbao,40,Good,18,13.17,57.96,97.55,34.25,23867.33,1.26,1422.56,2.12,351356.0,8507.409201,12.0,53.0,47.0
United States of America,cincinnati,46,Good,39,15.0,60.0,40.0,40.71,22731.25,2.0,2925.0,5.14,296943.0,1472.97353,12.0,48.1,51.9
Qatar,doha,164,Unhealthy,144,8.24,54.93,63.46,53.24,20038.51,0.55,3495.54,3.94,691747.0,3699.181818,20.0,14.5,85.5
Czechia,prague,81,Moderate,81,8.65,43.26,86.55,37.72,24575.34,1.38,1677.54,5.67,1272690.0,2565.907258,23.0,24.7,75.3
Germany,frankfurt,39,Good,39,14.75,63.22,86.4,37.35,24847.31,2.9,2201.47,2.88,732688.0,2950.698723,20.0,44.7,55.3
Poland,szczecin,34,Good,34,7.32,32.68,63.43,32.2,22082.24,0.45,745.67,5.75,415399.0,1382.129429,27.0,46.6,53.4
United Kingdom of Great Britain and Northern Ireland,halifax,53,Moderate,53,14.82,66.7,66.02,36.41,20121.54,2.04,1919.75,4.63,390096.0,71.05211392,17.0,41.0,59.0
United States of America,tampa,67,Moderate,67,21.0,60.0,46.13,30.5,26391.86,2.0,3480.89,5.12,335709.0,1136.844105,18.0,46.3,53.7
United States of America,oklahoma city,53,Moderate,53,11.0,50.0,42.43,24.88,19350.0,2.5,2718.33,5.27,579999.0,369.4173442,12.0,46.6,53.4
United States of America,colorado springs,68,Moderate,68,20.5,64.35,51.5,39.38,26275.0,2.0,2100.0,5.32,416427.0,822.8448153,14.0,46.6,53.4
Slovakia,bratislava,61,Moderate,61,8.43,47.42,71.42,33.72,23901.37,0.95,1228.02,1.62,457426.0,1169.887468,27.0,30.6,69.4
Canada,calgary,47,Good,47,18.53,63.0,54.07,44.06,19799.73,2.67,1976.24,4.58,1239220.0,1501.557028,13.0,36.7,63.3
United States of America,pittsburgh,53,Moderate,53,15.0,60.0,47.39,27.33,21000.3,2.75,2412.5,5.24,305704.0,2131.505295,14.0,38.5,61.5
Sweden,uppsala,29,Good,9,11.62,77.47,98.89,30.26,30989.13,2.91,1416.3,2.33,197787.0,1271.45153,19.0,46.6,53.4
Brazil,curitiba,56,Moderate,56,4.79,28.74,46.76,42.3,25752.36,1.05,473.66,9.8,1746896.0,4016.129848,21.0,62.5,37.5
United States of America,boston,44,Good,44,20.0,95.0,52.61,41.43,22391.38,2.4,4969.5,5.02,617594.0,4932.781454,15.0,39.4,60.6
Finland,turku,36,Good,5,13.17,105.37,86.93,32.9,29504.87,3.16,1204.28,1.48,192962.0,629.8743268,18.0,46.6,53.4
United States of America,vienna,45,Good,38,15.81,63.22,96.7,35.35,20472.29,2.53,2042.51,2.1,1901000.0,4584.589413,26.0,26.9,73.1
Poland,wroclaw,50,Good,50,7.89,33.81,73.84,33.94,22858.66,1.01,959.45,7.45,640367.0,2186.896387,35.0,26.3,73.7
Egypt,cairo,81,Moderate,81,4.07,20.35,39.37,37.51,21147.47,0.28,400.03,10.87,7740018.0,12772.30693,36.0,50.0,50.0
Spain,vigo,22,Good,20,11.06,43.73,72.18,26.34,20292.35,1.42,1018.62,3.08,295623.0,2709.651696,13.0,46.6,53.4
