city,aqi_value,aqi_category,pm2.5_aqi_value,meal_cheap_usd,meal_midrange_usd,rent_1br_outside_usd,rent_3br_city_usd,basic_utilities_usd,monthly_pass_usd,avg_net_salary_usd,quality_of_life_index,popcity,densitycity,congestion2019,crime_index,safety_index,aqi_score,pm25_score,air_quality_score,cost_index_raw,cost_score_absolute,monthly_living_cost,affordability_ratio,cost_score_affordability,safety_score,density_score_raw,congestion_score,urban_score,livability_score_absolute,livability_score_affordability,rank_absolute,rank_affordability,country
phoenix,72,Moderate,72,18.5,70.0,46.09,38.25,26428.57,2.4,2711.17,5.11,1445632.0,1077.541931,13.0,53.6,46.4,89.35,84.81,86.63,5312.699,78.6,27032.06,997.06,94.25,41.44,97.86542032884367,87.23,92.55,74.11,78.8,209,161, AZ
dar es salaam,51,Moderate,51,2.14,24.65,13.47,29.65,6572.37,0.28,809.6,13.1,4364541.0,3133.195262,20.0,46.6,53.4,93.74,89.57,91.24,1321.6650000000002,100.0,6650.32,821.43,95.79,51.1,98.53772787752163,72.34,85.44,82.67,81.41,25,100,United Republic of Tanzania
hangzhou,203,Very Unhealthy,151,4.27,32.03,45.76,25.45,21206.8,0.43,1026.14,5.23,8405527.14,1013.691165,20.0,46.6,53.4,62.0,66.89,64.93,4265.137,84.22,21381.09,2083.64,84.68,51.1,97.61936810280325,72.34,84.98,71.27,71.41,252,260,China
tianjin,142,Unhealthy for Sensitive Groups,142,4.27,28.47,54.89,42.66,19217.9,0.43,1085.46,5.2,15582374.43,1325.031839,21.0,46.6,53.4,74.74,68.93,71.25,3871.9220000000005,86.33,19401.320000000003,1787.38,87.29,51.1,98.6954147800535,70.21,84.45,73.38,73.66,224,237,China
fuzhou,168,Unhealthy,99,2.99,17.79,58.72,37.37,20166.93,0.14,612.13,5.18,3918485.982,2231.484044,20.0,46.6,53.4,69.31,78.68,74.93,4063.3580000000006,85.3,20315.489999999998,3318.82,73.8,51.1,99.99863281421139,72.34,86.17,74.33,70.88,203,263,China
salvador,30,Good,30,4.79,24.91,35.44,50.29,28751.07,0.89,609.9,11.54,2676606.0,3786.935484,30.0,76.6,23.4,98.12,94.33,95.85,5768.981,76.16,28931.1,4743.58,61.26,9.67,95.81818742959418,51.06,73.44,63.92,59.45,301,310, Brazil
richmond,76,Moderate,76,25.0,57.5,42.78,39.64,21543.75,1.88,2088.89,5.43,204214.0,1315.768898,9.0,46.6,53.4,88.52,83.9,85.75,4335.328,83.84,22338.41,1069.39,93.61,51.1,98.66793154561462,95.74,97.2,78.8,81.74,92,93,United States of America
lublin,32,Good,28,6.31,27.04,54.09,29.3,21410.62,0.9,598.42,7.67,357110.0,2421.905731,26.0,46.6,53.4,97.7,94.78,95.95,4310.521,83.98,21654.91,3618.68,71.16,51.1,99.9185377108803,59.57,79.74,77.9,74.06,119,232,Poland
hamburg,34,Good,34,14.75,63.22,92.23,44.37,36598.08,3.44,2101.64,1.98,1787408.0,2366.487488,29.0,42.6,57.4,97.29,93.42,94.97,7369.025000000001,67.58,37136.25000000001,1767.01,87.47,56.63,99.95457575620925,53.19,76.57,73.49,79.46,221,148, Germany
marseille,59,Moderate,59,13.17,63.22,70.95,25.26,18956.88,2.0,1404.99,1.73,874619.0,3635.157938,30.0,64.7,35.3,92.07,87.76,89.48,3829.685,86.55,19424.93,1382.57,90.85,26.1,96.56802245818405,51.06,73.81,69.62,70.91,269,262, France
moscow,30,Good,30,12.8,64.0,104.54,61.4,37946.86,0.82,2194.87,10.31,14150000.0,5635.205098,54.0,36.8,63.2,98.12,94.33,95.85,7644.284000000001,66.1,38436.22,1751.18,87.61,64.64,81.82425191949321,0.0,40.91,68.13,74.59,282,223, Russia
murcia,29,Good,20,12.64,52.69,77.27,30.86,20548.03,1.48,1527.93,2.35,437667.0,494.036573,16.0,46.6,53.4,98.33,96.6,97.29,4150.9169999999995,84.83,21005.98,1374.8,90.92,51.1,95.14712298655503,80.85,88.0,80.15,81.97,57,84,Spain
gdansk,33,Good,33,6.76,33.81,68.69,28.98,21879.93,1.04,1001.75,6.3,756719.0,1827.382275,29.0,30.5,69.5,97.49,93.65,95.19,4411.787,83.43,22152.460000000003,2211.38,83.55,73.34,99.75982274243593,53.19,76.47,82.46,82.49,27,72, Poland
fortaleza,25,Good,25,4.98,22.99,41.45,44.07,24542.41,0.75,426.73,9.75,2447409.0,7815.702242,31.0,77.3,22.7,99.16,95.46,96.94,4930.277999999999,80.65,24734.01,5796.17,51.99,8.7,58.481605160706465,48.94,53.71,61.35,52.75,314,326, Brazil
new haven,57,Moderate,57,15.0,80.0,46.83,36.16,20000.0,1.25,4000.0,4.59,129779.0,2680.992452,12.0,46.6,53.4,92.48,88.21,89.92,4026.54,85.5,20498.08,512.45,98.51,51.1,99.6119031281323,89.36,94.49,79.8,83.71,64,46,United States of America
kiel,42,Good,26,11.38,52.69,79.03,38.64,29504.87,2.74,1593.79,2.23,246306.0,2075.903919,23.0,46.6,53.4,95.62,95.24,95.39,5943.039000000001,75.22,29928.04,1877.79,86.49,51.1,99.97242953007111,65.96,82.97,75.78,79.16,176,153,Germany
liege,56,Moderate,56,15.81,57.96,102.74,44.78,26828.35,2.63,916.76,1.82,195931.0,3090.881843,16.0,60.4,39.6,92.69,88.44,90.14,5420.465,78.03,27408.02,2989.66,76.7,32.04,98.66688567065577,80.85,89.76,71.91,71.51,241,258, Belgium
los angeles,116,Unhealthy for Sensitive Groups,116,20.0,88.59,59.39,40.75,22886.54,1.75,4630.53,5.18,3792621.0,3118.986757,27.0,52.2,47.8,80.17,74.83,76.97,4611.178,82.36,23547.68,508.53,98.55,43.37,98.5817495679464,57.45,78.02,70.4,75.25,258,214, CA
shenzhen,154,Unhealthy,154,4.27,28.47,66.16,33.9,20317.59,0.57,1682.3,4.99,12777460.91,6398.327947,23.0,28.9,71.1,72.23,66.21,68.62,4097.509,85.12,20512.42,1219.31,92.29,75.55,74.1025720570284,65.96,70.03,75.58,77.74,182,184, China
sacramento,36,Good,36,18.0,63.5,39.55,29.43,23461.43,2.75,3100.0,5.0,466488.0,1826.499659,18.0,49.4,50.6,96.87,92.97,94.53,4715.936,81.8,24043.73,775.6,96.2,47.24,99.75869450850011,76.6,88.18,77.62,81.94,125,85, CA
seoul,421,Hazardous,415,7.68,53.78,58.26,46.36,27840.35,1.0,2669.12,3.47,9904312.0,16359.94714,20.0,24.7,75.3,16.49,7.03,10.81,5598.836,77.07,28130.01,1053.91,93.75,81.35,3.293999771075668,72.34,37.82,53.72,58.73,328,312, South Korea
brescia,59,Moderate,59,15.28,63.22,62.96,31.4,21777.4,1.48,1756.24,1.3,187567.0,2068.449493,11.0,46.6,53.4,92.07,87.76,89.48,4390.164000000001,83.55,22300.24,1269.77,91.85,51.1,99.96910511670238,91.49,95.73,79.36,81.85,75,89,Italy
dubai,152,Unhealthy,152,12.25,81.68,64.43,54.4,20992.61,1.57,3272.26,3.96,1616430.0,46183.71429,19.0,16.4,83.6,72.65,66.67,69.06,4233.344,84.39,21426.11,654.78,97.26,92.82,4.942146206581599e-13,74.47,37.24,73.24,77.1,229,194, United Arab Emirates
basel,60,Moderate,60,26.71,128.21,121.35,51.05,42203.79,3.85,2874.13,1.58,173863.0,7271.560017,22.0,21.6,78.4,91.86,87.53,89.26,8507.16,61.48,43130.29,1500.64,89.81,85.64,64.56613434876088,68.09,66.33,75.44,83.93,183,44, Switzerland
belo horizonte,41,Good,41,4.22,28.74,54.79,40.76,23407.86,0.86,558.01,10.77,2375444.0,7177.652213,28.0,63.7,36.3,95.82,91.84,93.43,4709.897,81.83,23590.11,4227.54,65.8,27.49,65.61151223933233,55.32,60.47,66.87,62.06,290,298, Brazil
christchurch,37,Good,37,14.11,64.14,75.73,42.68,21045.13,1.8,1594.34,3.79,341469.0,212.0925466,21.0,44.3,55.7,96.66,92.74,94.31,4249.893000000001,84.3,21545.96,1351.4,91.13,54.28,93.47162845352547,70.21,81.84,78.81,80.85,91,117, New Zealand
riyadh,196,Unhealthy,196,6.65,53.21,45.85,61.56,20843.94,1.06,1005.01,4.0,5188286.0,2712.12023,22.0,26.8,73.2,63.47,56.69,59.4,4193.148999999999,84.61,21090.35,2098.52,84.55,78.45,99.55980821390877,68.09,83.82,76.61,76.59,158,201, Saudi Arabia
antalya,41,Good,26,4.56,18.78,43.07,28.71,26888.13,0.43,851.1,20.0,1079134.0,514.1181515,26.0,27.1,72.9,95.82,95.24,95.47,5400.116,78.13,27068.43,3180.41,75.02,78.04,95.2577605794389,59.57,77.41,82.3,81.37,28,101, Turkey
portland,48,Good,36,16.75,75.0,67.04,46.59,26111.11,2.5,3242.64,5.14,583776.0,1689.003362,16.0,54.6,45.4,94.36,92.97,93.53,5259.342000000001,78.89,26683.15,822.88,95.78,40.06,99.55082893811019,80.85,90.2,75.1,80.17,191,131, OR
stockholm,31,Good,8,12.59,77.47,86.95,39.81,26837.42,3.78,2301.49,2.51,847073.0,4511.947374,23.0,46.1,53.9,97.91,99.32,98.76,5413.8550000000005,78.06,27305.85,1186.44,92.58,51.8,91.32192991501283,65.96,78.64,76.79,81.14,152,107, Sweden
philadelphia,61,Moderate,61,19.0,67.5,45.36,36.91,24642.86,2.5,3087.5,5.0,1526006.0,4385.306151,17.0,64.9,35.1,91.65,87.3,89.04,4955.302,80.52,25260.72,818.16,95.82,25.83,92.21073906128309,78.72,85.47,69.97,74.56,263,224, PA
porto,28,Good,21,9.48,42.15,83.37,30.03,29863.14,1.58,1420.98,2.28,237584.0,5722.157996,24.0,35.2,64.8,98.54,96.37,97.24,6016.367000000001,74.83,30232.49,2127.58,84.29,66.85,80.98633880902099,63.83,72.41,77.95,80.79,117,119, Portugal
poznan,36,Good,36,6.76,33.81,72.68,33.5,21766.71,1.13,806.05,4.42,578886.0,2210.754249,31.0,28.2,71.8,96.87,92.97,94.53,4391.147,83.54,22043.32,2734.73,78.95,76.52,99.99990152596668,48.94,74.47,82.72,81.34,24,103, Poland
san jose,45,Good,45,19.0,80.0,44.5,39.38,22571.43,2.5,4283.33,5.22,945942.0,2048.860691,19.0,55.7,44.3,94.99,90.93,92.55,4540.586,82.74,23188.43,541.36,98.26,38.54,99.95946792915191,74.47,87.21,75.04,79.69,192,143, Costa Rica
hanoi,181,Unhealthy,145,2.04,19.9,34.45,29.14,32899.31,0.29,865.47,9.86,3605364.0,11859.75,20.0,37.6,62.4,66.6,68.25,67.59,6597.524,71.71,32995.25,3812.41,69.46,63.54,20.43242625856412,72.34,46.39,63.57,62.9,302,292, Vietnam
innsbruck,54,Moderate,54,15.81,65.86,109.74,37.41,20856.25,2.85,1527.93,1.87,132493.0,1262.920599,17.0,46.6,53.4,93.11,88.89,90.58,4229.567,84.41,21443.14,1403.41,90.67,51.1,98.50576978317119,78.72,88.61,78.46,80.34,103,127,Austria
istanbul,59,Moderate,59,5.37,24.15,47.96,31.58,33094.13,0.43,1040.98,23.8,13854740.0,2593.063822,51.0,47.5,52.5,92.07,87.76,89.48,6643.923,71.47,33303.619999999995,3199.26,74.85,49.86,99.74142297655645,6.38,53.06,66.89,67.9,289,275, Turkey
brest,28,Good,25,7.92,25.73,53.44,31.67,21553.35,0.32,313.62,20.0,142278.0,2873.72248,21.0,46.6,53.4,98.54,95.46,96.69,4339.006,83.82,21844.71,6965.34,41.69,51.1,99.23714069182282,70.21,84.72,79.04,66.4,84,279,France
atlanta,99,Moderate,99,15.0,65.0,56.38,38.48,21902.38,2.5,3275.0,4.84,420003.0,1198.446742,17.0,63.5,36.5,83.72,78.68,80.7,4411.916,83.43,22411.260000000002,684.31,97.0,27.76,98.29563344939969,78.72,88.51,69.85,73.92,266,235, GA
bern,30,Good,28,26.71,106.85,114.32,40.96,41776.41,3.79,2493.05,2.42,134794.0,2612.286822,18.0,17.7,82.3,98.12,94.78,96.12,8418.163000000002,61.95,42695.82000000001,1712.59,87.95,91.02,99.7153356811615,76.6,88.16,83.0,90.8,22,3, Switzerland
gold coast,28,Good,21,13.59,61.16,73.62,36.7,20908.76,3.4,2429.5,3.66,332890.0,1415.0,21.0,46.2,53.8,98.54,96.37,97.24,4221.62,84.45,21393.48,880.57,95.27,51.66,98.94770482364865,70.21,84.58,79.48,82.72,74,69, Australia
greenville,58,Moderate,58,20.0,60.0,41.0,40.2,21429.17,0.0,2170.0,5.43,84554.0,892.0479643,14.0,46.6,53.4,92.28,87.98,89.7,4310.334,83.98,22070.17,1017.06,94.07,51.1,97.11499514543993,85.11,91.11,78.62,81.64,99,96,United States of America
guangzhou,184,Unhealthy,184,4.13,28.47,63.43,33.83,21381.7,0.36,1242.24,5.19,14701395.64,1977.588868,24.0,32.3,67.7,65.97,59.41,62.03,4308.917,83.98,21569.390000000003,1736.33,87.74,70.86,99.91339250761443,63.83,81.87,74.79,75.92,197,207, China
panama city,54,Moderate,54,8.0,52.5,51.43,44.55,20431.25,0.35,1784.21,5.95,880691.0,433.5816266,20.0,47.7,52.3,93.11,88.89,90.58,4113.599999999999,85.03,20723.03,1161.47,92.8,49.59,94.80696582213952,72.34,83.57,77.27,79.6,136,147, Panama
santander,44,Good,25,12.64,42.15,85.35,26.34,20372.41,1.37,1053.75,2.0,178095.0,5117.672414,16.0,46.6,53.4,95.2,95.46,95.36,4119.822,85.0,20838.329999999998,1977.54,85.61,51.1,86.53161041886239,80.85,83.69,78.85,79.04,90,156,Spain
nantes,38,Good,38,13.7,63.22,108.01,30.3,25843.1,1.79,1413.77,1.85,319284.0,4897.745053,22.0,62.9,37.1,96.45,92.52,94.09,5225.544,79.07,26363.899999999998,1864.79,86.61,28.59,88.36871259857334,68.09,78.23,70.04,72.3,262,253, France
tomsk,31,Good,25,8.0,24.0,92.0,54.67,34426.67,0.38,696.0,10.05,574002.0,1945.769492,28.0,46.6,53.4,97.91,95.46,96.44,6932.972,69.92,34759.049999999996,4994.12,59.05,51.1,99.88724874104055,55.32,77.6,73.38,70.12,224,266,Russian Federation
nashville,80,Moderate,80,16.5,70.0,51.45,35.85,25343.75,3.69,3923.08,5.13,626681.0,508.5558952,15.0,46.6,53.4,87.68,82.99,84.87,5098.143999999999,79.75,25893.89,660.04,97.22,51.1,95.22723393941979,82.98,89.1,75.74,80.98,177,111,United States of America
trondheim,29,Good,19,21.58,92.48,77.04,45.36,38284.93,4.32,1929.43,2.6,165191.0,482.6759,12.0,19.1,80.9,98.33,96.83,97.43,7700.254000000001,65.8,39013.69,2022.03,85.22,89.09,95.08401091632818,89.36,92.22,84.81,90.64,7,4, Norway
surabaya,152,Unhealthy,152,1.3,12.96,48.38,32.41,27914.38,0.32,504.54,8.69,2765487.0,7378.96099,20.0,46.6,53.4,72.65,66.67,69.06,5607.358,77.02,28002.08,5550.02,54.15,51.1,63.367616623166555,72.34,67.85,66.72,59.86,291,308,Indonesia
taichung,202,Very Unhealthy,157,3.6,26.18,64.38,29.29,24372.95,0.65,895.98,1.81,2794000.0,1261.456499,35.0,46.6,53.4,62.21,65.53,64.2,4907.565,80.78,24545.980000000003,2739.57,78.9,51.1,98.5011476873033,40.43,69.47,66.95,66.39,288,280,China
tampere,30,Good,12,13.17,84.3,92.5,43.34,27221.75,2.85,1276.54,1.19,238140.0,345.3356342,13.0,22.3,77.7,98.12,98.41,98.29,5493.519,77.63,27712.199999999997,2170.88,83.91,84.67,94.2915469624879,87.23,90.76,87.18,89.06,3,7, Finland
izmir,63,Moderate,63,3.76,18.78,28.85,26.6,28931.08,0.38,434.01,20.7,3532814.0,1126.377039,30.0,31.4,68.6,91.23,86.85,88.6,5801.431,75.98,29073.110000000004,6698.72,44.04,72.1,98.04483855939796,51.06,74.55,77.88,68.3,123,274, Turkey
bordeaux,47,Good,16,15.81,65.86,96.59,33.51,25992.38,1.79,1211.81,1.57,260352.0,5274.554295,27.0,46.8,53.2,94.57,97.51,96.33,5250.112000000001,78.94,26565.06,2192.18,83.72,50.83,85.15875209926945,57.45,71.3,74.73,76.17,200,204, France
kuala lumpur,76,Moderate,76,3.42,22.79,45.56,26.37,29522.45,0.68,999.84,3.67,1795200.0,7387.654321,28.0,63.0,37.0,88.52,83.9,85.75,5928.022000000001,75.3,29671.29,2967.6,76.89,28.45,63.2704966812464,55.32,59.3,63.0,63.48,305,290, Malaysia
austin,97,Moderate,97,17.0,72.0,56.21,38.53,24269.44,1.38,4032.69,5.59,790390.0,953.8473641,18.0,40.3,59.7,84.13,79.14,81.14,4885.531,80.89,24837.03,615.89,97.6,59.81,97.37704222887464,76.6,86.99,76.9,81.92,145,86, TX
abu dhabi,170,Unhealthy,150,8.17,54.45,51.61,42.39,21281.99,0.54,2527.12,4.08,621000.0,9221.859222,10.0,11.2,88.8,68.89,67.12,67.83,4283.8910000000005,84.12,21579.24,853.91,95.51,100.0,43.216965532606736,93.62,68.42,80.88,84.29,48,41, United Arab Emirates
beijing,123,Unhealthy for Sensitive Groups,123,4.27,31.32,67.19,43.68,22446.36,0.71,2784.82,4.94,21624536.38,1318.087064,24.0,28.4,71.6,78.71,73.24,75.43,4523.7919999999995,82.83,22642.36,813.06,95.87,76.24,98.67483590174751,63.83,81.25,79.02,82.93,87,63, China
bremen,66,Moderate,66,12.64,52.69,83.77,36.18,22128.65,3.0,1304.01,2.72,557464.0,1709.068612,19.0,44.3,55.7,90.61,86.17,87.95,4470.443,83.12,22594.620000000003,1732.7,87.77,54.28,99.5851324004076,74.47,87.03,77.9,79.29,119,150, Germany
new york,70,Moderate,70,25.0,100.0,62.13,57.42,23754.86,2.75,7146.84,5.4,8175133.0,10505.65115,26.0,49.1,50.9,89.77,85.26,87.06,4787.312,81.42,24569.74,343.78,100.0,47.65,30.91574807189546,59.57,45.24,67.15,72.73,287,249, NY
albany,41,Good,41,13.5,65.0,40.71,49.0,20861.12,1.5,2000.0,5.43,97856.0,1765.2272,10.0,46.6,53.4,95.82,91.84,93.43,4195.429,84.59,21308.329999999998,1065.42,93.65,51.1,99.67393732332836,93.62,96.65,80.84,83.56,49,50,United States of America
albuquerque,63,Moderate,63,15.0,65.0,53.3,42.5,21625.0,1.0,2340.0,5.6,545852.0,1125.404079,14.0,71.5,28.5,91.23,86.85,88.6,4354.75,83.74,22129.3,945.7,94.7,16.71,98.04133848583295,85.11,91.58,69.77,73.05,267,244, NM
tokyo,79,Moderate,79,7.45,44.67,46.26,37.63,17439.88,1.49,2526.51,1.1,13515271.0,6271.587471,41.0,24.6,75.4,87.89,83.22,85.09,3512.7450000000003,88.25,17711.13,701.01,96.85,81.49,75.4361315857512,27.66,51.55,78.43,81.01,104,109, Japan
dublin,43,Good,43,21.07,84.3,86.95,37.67,31480.34,2.11,3651.89,3.41,553165.0,4687.838983,38.0,52.1,47.9,95.41,91.38,92.99,6343.968000000001,73.07,32201.5,881.78,95.26,43.51,90.02004566654843,34.04,62.03,68.45,75.11,279,217, Ireland
samara,40,Good,25,9.6,48.0,73.45,57.14,38933.34,0.56,686.33,12.83,1163399.0,2496.564378,41.0,46.6,53.4,96.03,95.46,95.69,7825.369,65.13,39295.34999999999,5725.43,52.61,51.1,99.853492726769,27.66,63.76,68.99,65.23,278,286,Russian Federation
riverside,95,Moderate,95,17.0,70.0,53.71,29.6,23500.0,1.75,3066.67,5.52,303871.0,1444.33749,19.0,39.4,60.6,84.55,79.59,81.57,4730.43,81.72,24065.46,784.74,96.12,61.05,99.0242100696378,74.47,86.75,77.52,81.84,126,90, CA
minneapolis,52,Moderate,52,20.0,66.94,42.09,31.0,21936.88,2.5,3322.5,5.36,382578.0,2735.464988,9.0,55.3,44.7,93.53,89.34,91.02,4412.671,83.43,22581.47,679.65,97.04,39.09,99.51860149094148,95.74,97.63,77.08,81.17,143,105, MN
kaohsiung,97,Moderate,77,3.27,26.18,64.73,24.51,24547.51,0.65,865.53,2.29,2780000.0,943.3322022,32.0,46.6,53.4,84.13,83.67,83.85,4942.585999999999,80.59,24710.99,2855.01,77.89,51.1,97.33329894519022,46.81,72.07,72.33,71.52,237,257,China
san diego,56,Moderate,56,20.0,80.0,53.95,42.06,22964.95,2.5,4332.25,4.94,1307402.0,1548.98743,17.0,40.4,59.6,92.69,88.44,90.14,4624.215000000001,82.29,23621.4,545.25,98.23,59.67,99.27388602131012,78.72,89.0,79.94,84.72,60,38, CA
buenos aires,43,Good,43,6.12,25.0,68.63,44.81,23229.18,0.15,627.35,45.0,3050728.0,15028.21675,24.0,63.3,36.7,95.41,91.38,92.99,4681.39,81.99,23481.56,3742.98,70.07,28.04,6.074104189199211,63.83,34.95,61.84,58.27,310,313, Argentina
bursa,54,Moderate,54,3.22,48.3,45.01,35.52,38339.17,0.4,359.21,20.17,2052603.0,908.4927081,25.0,29.1,70.9,93.11,88.89,90.58,7691.023,65.85,38481.18,10712.73,8.69,75.28,97.1858910379105,61.7,79.44,77.11,59.96,142,307, Turkey
kolkata,195,Unhealthy,195,2.0,14.74,28.94,26.31,22528.1,0.2,388.92,8.25,4496694.0,24306.45405,20.0,46.6,53.4,63.67,56.92,59.62,4520.51,82.85,22617.239999999998,5815.4,51.82,51.1,0.02435681184313573,72.34,36.18,59.77,50.46,316,330, India
canberra,24,Good,11,15.63,74.75,58.93,34.06,18231.66,2.19,2664.05,3.05,298594.0,1433.0,15.0,23.2,76.8,99.37,98.64,98.93,3679.1420000000003,87.36,18761.68,704.25,96.83,83.43,98.99498160891332,82.98,90.99,90.0,92.84,1,1, Australia
thessaloniki,63,Moderate,63,12.64,42.15,74.99,30.77,22115.89,1.05,762.44,4.03,325182.0,16857.54277,22.0,53.5,46.5,91.23,86.85,88.6,4463.306,83.16,22571.129999999997,2960.38,76.96,41.57,2.580426941881145,68.09,35.34,64.56,62.7,296,295, Greece
oviedo,59,Moderate,59,12.64,39.52,72.01,28.32,25289.89,1.26,877.24,2.0,225005.0,1205.814577,11.0,46.6,53.4,92.07,87.76,89.48,5096.637000000001,79.76,25742.359999999997,2934.47,77.19,51.1,98.32032884743617,91.49,94.91,78.06,77.28,114,192,United States of America
palermo,61,Moderate,61,10.54,52.69,76.4,35.12,22971.65,1.58,843.0,2.18,686722.0,4322.268379,29.0,45.2,54.8,91.65,87.3,89.04,4634.796000000001,82.24,23365.83,2771.75,78.62,53.04,92.63751258219978,53.19,72.91,74.77,73.69,198,236, Italy
augsburg,64,Moderate,64,12.64,63.22,86.93,38.2,22831.15,3.37,1422.56,1.42,286374.0,1949.979572,19.0,46.6,53.4,91.02,86.62,88.38,4612.560000000001,82.36,23300.65,1637.94,88.6,51.1,99.89090521417512,74.47,87.18,77.01,78.89,144,159,Germany
delhi,500,Hazardous,446,4.91,22.11,32.12,33.44,22940.65,0.49,601.02,8.06,28514000.0,19240.21592,47.0,59.2,40.8,0.0,0.0,0.0,4605.2210000000005,82.4,23120.56,3846.89,69.15,33.7,0.7132040500731995,14.89,7.8,34.71,30.73,333,333, India
wiesbaden,30,Good,26,12.64,56.9,91.94,38.29,25289.89,3.08,1369.87,5.04,276218.0,1354.474575,26.0,46.6,53.4,98.12,95.24,96.39,5106.784,79.71,25764.11,1880.77,86.47,51.1,98.78090540617569,59.57,79.18,76.62,78.65,157,168,Germany
wuhan,175,Unhealthy,157,3.56,27.05,64.06,46.27,15787.15,0.43,896.84,4.99,10986924.28,1282.171115,16.0,46.6,53.4,67.85,65.53,66.46,3190.2150000000006,89.98,15958.44,1779.41,87.36,51.1,98.56589358389395,80.85,89.71,74.33,73.54,203,238,China
bergen,39,Good,39,19.01,87.34,82.2,35.96,37846.52,4.11,1918.01,2.62,252051.0,541.5211086,13.0,25.7,74.3,96.24,92.29,93.87,7614.617,66.26,38503.13,2007.45,85.35,79.97,95.40682799959198,87.23,91.32,81.6,87.33,38,11, Norway
mumbai,155,Unhealthy,155,3.68,18.42,32.77,27.75,22790.48,0.25,1411.12,7.96,12442373.0,20634.11774,53.0,45.0,55.0,72.03,65.99,68.41,4575.242,82.56,22933.899999999998,1625.23,88.72,53.31,0.30729914543768067,2.13,1.22,55.44,57.29,325,317, India
a coruna,27,Good,20,11.59,45.84,84.3,29.24,22918.96,1.34,1053.75,1.97,245053.0,6517.367021,15.0,46.6,53.4,98.75,96.6,97.46,4628.394,82.27,23352.3,2216.11,83.51,51.1,72.83522414989766,82.98,77.91,77.4,77.78,134,183,Spain
adana,55,Moderate,55,2.41,16.1,31.3,30.41,26191.96,0.43,232.55,14.63,1681423.0,453.4349642,27.0,46.6,53.4,92.9,88.66,90.36,5254.566999999999,78.91,26295.989999999998,11307.67,3.45,51.1,94.91984174459606,57.45,76.18,74.27,51.64,207,328,Turkey
auckland,69,Moderate,69,16.03,76.97,72.78,48.26,21678.35,2.61,2425.54,4.52,367634.0,580.7804107,29.0,48.2,51.8,89.98,85.49,87.29,4375.527,83.63,22234.64,916.69,94.95,48.9,95.61653683794061,53.19,74.4,74.02,77.41,211,191, New Zealand
odense,43,Good,14,21.26,113.4,86.81,32.43,38036.65,3.4,1701.02,1.25,188777.0,620.9769737,15.0,46.6,53.4,95.41,97.96,96.94,7655.327000000001,66.04,38764.66,2278.91,82.96,51.1,95.82651750361664,82.98,89.4,74.7,79.78,201,140,Denmark
fort myers,35,Good,22,15.0,75.0,37.17,51.0,29666.67,2.12,2525.0,5.43,216603.0,573.3644138,19.0,46.6,53.4,97.08,96.15,96.52,5955.131,75.16,30155.959999999995,1194.3,92.51,51.1,95.57727238826648,74.47,85.02,76.46,81.66,164,95,Unknown
chicago,64,Moderate,64,20.0,80.0,56.05,37.81,24878.12,2.5,3972.22,5.59,2695598.0,4570.216379,17.0,66.1,33.9,91.02,86.62,88.38,5007.898999999999,80.24,25536.67,642.88,97.37,24.17,90.89918125932485,78.72,84.81,69.17,74.31,274,228, IL
cordoba,41,Good,41,5.0,20.0,63.33,48.33,24656.05,0.65,367.56,50.0,328326.0,261.5726577,12.0,61.2,38.8,95.82,91.84,93.43,4963.94,80.47,24870.030000000002,6766.25,43.44,30.94,93.78189058219148,89.36,91.57,73.55,62.44,218,296, Argentina
bialystok,54,Moderate,54,5.63,30.43,67.61,35.68,21894.05,0.68,676.12,7.55,291383.0,2853.339209,22.0,46.6,53.4,93.11,88.89,90.58,4413.809,83.42,22131.239999999998,3273.27,74.2,51.1,99.28264861224557,68.09,83.69,77.18,74.42,140,225,Poland
brighton,28,Good,22,18.45,73.8,73.34,40.74,32053.81,3.32,2813.63,2.45,474485.0,5420.207905,28.0,37.4,62.6,98.54,96.15,97.11,6451.454000000001,72.5,32683.97,1161.63,92.8,63.81,83.8407165702289,55.32,69.58,75.9,81.99,173,83, United Kingdom
dunedin,63,Moderate,63,20.85,75.0,70.55,38.48,30466.49,1.8,1844.02,3.14,120246.0,35.98025135,19.0,46.6,53.4,91.23,86.85,88.6,6132.923000000001,74.21,31164.34,1690.02,88.15,51.1,92.31315179073947,74.47,83.39,73.87,78.05,212,178,United States of America
indianapolis,71,Moderate,71,19.0,77.5,44.44,32.06,23438.17,1.75,2537.5,5.44,829718.0,885.8444308,9.0,58.9,41.1,89.56,85.03,86.84,4713.829000000001,81.81,24054.359999999997,947.96,94.68,34.12,97.08803186443089,95.74,96.41,74.06,77.93,210,179, IN
newcastle,48,Good,48,14.27,74.75,71.36,32.28,24011.81,2.04,2086.31,3.1,282431.0,1019.0,19.0,48.1,51.9,94.36,90.25,91.89,4841.099999999999,81.13,24513.31,1174.96,92.68,49.03,97.64031915629788,74.47,86.06,76.78,80.25,154,129, Australia
reykjavik,23,Good,22,17.72,106.31,107.01,39.53,39284.2,3.47,2117.71,5.8,131136.0,478.5985401,16.0,23.8,76.2,99.58,96.15,97.52,7914.236,64.66,39926.28,1885.35,86.43,82.6,95.06126822085245,80.85,87.96,82.02,88.55,34,9, Iceland
turin,61,Moderate,61,13.7,59.54,65.27,29.12,27890.0,1.79,1363.28,1.77,865263.0,6647.176769,20.0,52.1,47.9,91.65,87.3,89.04,5613.554,76.99,28368.06,2080.87,84.7,43.51,71.43858839416518,72.34,71.89,70.61,72.93,257,246, Italy
manchester,58,Moderate,58,18.45,73.8,83.25,34.73,30079.5,3.08,2148.4,2.94,2553379.0,22078.50411,22.0,55.4,44.6,92.28,87.98,89.7,6061.523,74.59,30719.33,1429.87,90.44,38.95,0.11976914773632026,68.09,34.1,61.36,66.11,313,281, United Kingdom
konya,64,Moderate,64,2.55,13.42,30.94,31.37,26123.22,0.19,224.2,23.97,1154541.0,380.0332456,17.0,46.6,53.4,91.02,86.62,88.38,5240.643,78.99,26230.85,11699.75,0.0,51.1,94.49686037206077,78.72,86.61,75.89,52.19,174,327,Turkey
vilnius,35,Good,24,10.01,52.69,74.57,36.72,24019.54,0.79,1370.04,2.42,524406.0,1307.745636,26.0,27.6,72.4,97.08,95.69,96.25,4843.274,81.12,24395.2,1780.62,87.35,77.35,98.64389964657538,59.57,79.11,83.56,85.43,16,27, Lithuania
medan,101,Unhealthy for Sensitive Groups,101,1.94,10.05,40.37,28.36,20504.43,0.32,388.91,9.5,2097610.0,7912.523576,20.0,46.6,53.4,83.3,78.23,80.26,4121.491000000001,84.99,20603.32,5297.71,56.38,51.1,57.39997684294882,72.34,64.87,71.31,62.73,251,293,Indonesia
brisbane,31,Good,31,13.59,67.96,72.56,42.17,19223.04,3.57,2163.03,3.67,1751620.0,1548.0,22.0,35.5,64.5,97.91,94.1,95.62,3883.963,86.26,19706.87,911.08,95.0,66.44,99.2717002998949,68.09,83.68,83.13,85.75,20,25, Australia
bucharest,50,Good,50,10.7,42.82,72.85,39.63,23129.14,0.64,889.03,6.43,1883425.0,7913.55042,42.0,28.2,71.8,93.95,89.8,91.46,4664.457,82.08,23523.629999999997,2645.99,79.73,76.52,57.388515244021775,25.53,41.46,74.91,74.21,193,230, Romania
cagliari,64,Moderate,64,15.81,63.22,94.84,35.56,27924.25,1.37,1043.21,2.14,164249.0,1919.918177,19.0,35.9,64.1,91.02,86.62,88.38,5635.569,76.87,28494.76,2731.45,78.97,65.88,99.86347804413043,74.47,87.17,79.06,79.69,83,143, Italy
cartagena,50,Good,50,2.52,20.1,37.81,24.41,14818.82,0.57,632.02,10.16,895400.0,1601.788909,20.0,46.6,53.4,93.95,89.8,91.46,2983.23,91.09,14932.8,2362.71,82.22,51.1,99.386027454362,72.34,85.86,80.14,77.48,58,188,Spain
sheffield,31,Good,31,13.53,61.5,82.41,31.28,27060.0,2.71,1735.84,3.79,685368.0,1862.716747,20.0,43.5,56.5,97.91,94.1,95.62,5456.182,77.83,27551.02,1587.19,89.05,55.39,99.80282563904753,72.34,86.07,78.32,81.68,107,94, United Kingdom
berlin,69,Moderate,69,12.64,63.22,88.38,37.06,28145.4,3.16,2447.03,2.18,3552000.0,3983.491836,30.0,43.2,56.8,89.98,85.49,87.29,5676.1140000000005,76.65,28616.140000000003,1169.42,92.73,55.8,94.74523779015055,51.06,72.9,73.35,78.17,227,177, Germany
bielefeld,32,Good,32,10.54,47.42,87.67,33.02,26317.29,2.95,1659.65,2.4,333090.0,1286.956186,17.0,46.6,53.4,97.7,93.88,95.41,5309.696000000001,78.62,26724.11,1610.23,88.85,51.1,98.5806510720699,78.72,88.65,77.94,81.01,118,109,Germany
munich,45,Good,45,15.81,65.86,91.81,37.83,23480.74,3.69,2599.04,2.02,1450381.0,4668.107499,24.0,18.8,81.2,94.99,90.93,92.55,4745.584,81.64,24050.54,925.36,94.88,89.5,90.16989307719656,63.83,77.0,85.4,89.38,5,5, Germany
miami,55,Moderate,55,20.0,100.0,47.71,40.36,24272.73,2.5,4620.37,5.33,399457.0,4284.713625,23.0,52.6,47.4,92.9,88.66,90.36,4882.651,80.91,24922.94,539.41,98.28,42.82,92.88672518156903,65.96,79.42,73.45,78.66,222,167, FL
limerick,23,Good,17,15.81,73.76,47.29,34.07,22128.65,2.11,2212.86,3.23,58319.0,2805.146705,28.0,39.5,60.5,99.58,97.28,98.2,4452.7480000000005,83.21,22652.350000000002,1023.67,94.01,60.91,99.38473308374084,55.32,77.35,80.21,83.45,56,52, Ireland
linz,57,Moderate,57,15.28,63.22,97.37,37.14,20643.68,2.74,1434.26,2.26,204846.0,2134.034795,17.0,46.6,53.4,92.48,88.21,89.92,4180.751,84.67,21202.190000000002,1478.27,90.01,51.1,99.99186523464876,78.72,89.36,78.53,80.13,102,132,Austria
preston,65,Moderate,65,12.3,44.72,70.73,30.75,25669.28,2.52,1660.5,2.6,313332.0,2203.150049,16.0,46.6,53.4,90.81,86.39,88.16,5171.933,79.36,26111.53,1572.51,89.18,51.1,100.0,80.85,90.42,76.71,79.65,155,145,United Kingdom of Great Britain and Northern Ireland
shenyang,125,Unhealthy for Sensitive Groups,125,2.85,21.35,48.22,42.66,22814.73,0.28,711.77,5.56,6927041.125,1353.995529,28.0,46.6,53.4,78.29,72.79,74.99,4587.654,82.49,22948.73,3224.18,74.64,51.1,98.77953718504638,55.32,77.05,71.68,69.32,248,269,China
kazan,43,Good,43,7.98,40.0,104.57,60.36,36342.86,0.56,960.0,11.02,1240000.0,2917.647059,29.0,46.6,53.4,95.41,91.38,92.99,7322.509,67.83,36687.39,3821.6,69.37,51.1,99.13437614459512,53.19,76.16,71.6,72.07,249,254,Russian Federation
karlsruhe,55,Moderate,55,11.59,63.22,94.13,43.03,25421.6,2.95,1506.86,1.45,307755.0,1774.213075,19.0,37.5,62.5,92.9,88.66,90.36,5133.998,79.56,25866.38,1716.57,87.91,63.67,99.68716046181348,74.47,87.08,79.79,82.3,65,75, Germany
grand rapids,75,Moderate,75,15.0,60.0,63.75,38.67,24083.33,1.75,2850.0,5.43,188040.0,1621.47063,10.0,46.6,53.4,88.73,84.13,85.97,4851.716,81.07,24598.83,863.12,95.43,51.1,99.42544494961295,93.62,96.52,77.89,82.2,121,79,United States of America
nijmegen,35,Good,35,15.81,73.76,104.06,40.04,22479.9,2.21,1804.54,3.0,162932.0,2832.122371,21.0,46.6,53.4,97.08,93.2,94.75,4551.393,82.68,23060.47,1277.91,91.77,51.1,99.328546704442,70.21,84.77,78.22,80.95,110,112,Netherlands
helsinki,162,Unhealthy,162,13.7,84.3,95.97,41.03,32816.64,2.95,2115.81,1.23,653835.0,913.8410578,15.0,24.8,75.2,70.56,64.4,66.86,6614.348000000001,71.62,33326.56,1575.12,89.16,81.22,97.20876681484665,82.98,90.09,76.52,81.79,161,92, Finland
pretoria,329,Hazardous,329,6.84,34.22,43.48,31.79,20896.36,2.28,707.13,8.63,3280000.0,5189.873418,20.0,82.0,18.0,35.7,26.53,30.2,4202.608,84.55,21147.32,2990.58,76.69,2.21,85.90600296167652,72.34,79.12,49.29,46.93,332,332, South Africa
shanghai,156,Unhealthy,152,5.69,39.86,70.49,34.92,20750.95,0.57,2952.7,5.03,24210539.18,3818.094809,22.0,30.6,69.4,71.82,66.67,68.73,4186.63,84.64,20992.71,710.97,96.77,73.2,95.65568496576614,68.09,81.87,77.25,80.89,138,116, China
yekaterinburg,40,Good,22,9.6,38.4,91.89,51.01,38510.47,0.51,857.14,12.03,1377738.0,2805.983707,36.0,46.4,53.6,96.03,96.15,96.1,7750.010000000001,65.54,38890.87,4537.28,63.07,51.38,99.38302628149145,38.3,68.84,70.3,69.56,259,268, Russia
catania,73,Moderate,73,12.64,52.69,74.93,26.34,17159.23,1.05,869.34,2.32,313110.0,1731.037152,23.0,63.9,36.1,89.14,84.58,86.4,3471.944,88.47,17614.41,2026.18,85.18,27.21,99.62113663320761,65.96,82.79,71.5,70.51,250,264, Italy
mecca,150,Unhealthy,150,6.65,53.21,30.06,48.68,19952.72,1.06,585.28,5.5,1534731.0,2019.382895,20.0,46.6,53.4,73.07,67.12,69.5,4007.0100000000007,85.6,20183.340000000004,3448.49,72.66,51.1,99.94250556906226,72.34,86.14,73.06,69.18,232,272,Saudi Arabia
modena,65,Moderate,63,16.33,63.22,98.35,28.06,17913.67,2.11,1053.75,2.6,175502.0,957.8235005,12.0,46.6,53.4,90.81,86.85,88.43,3635.3859999999995,87.6,18504.03,1756.02,87.56,51.1,97.39349258938954,89.36,93.38,79.84,79.83,63,138,Italy
monterrey,85,Moderate,85,10.31,41.26,45.12,31.14,17684.72,0.77,1142.45,11.1,1109171.0,1143.829019,20.0,48.3,51.7,86.64,81.86,83.77,3561.6430000000005,87.99,18039.91,1579.05,89.12,48.76,98.10710335331694,72.34,85.22,76.57,76.91,159,196, Mexico
tucson,80,Moderate,80,15.0,55.0,49.29,29.62,24333.0,1.62,2125.0,5.38,520116.0,833.2932414,16.0,51.5,48.5,87.68,82.99,84.87,4894.407000000001,80.85,24833.91,1168.65,92.74,44.34,96.8548284322451,80.85,88.85,74.33,77.89,203,181, AZ
groningen,37,Good,36,15.81,84.3,80.98,32.23,32025.07,2.63,1254.83,2.01,187622.0,2241.065456,20.0,22.1,77.9,96.66,92.97,94.45,6448.929,72.51,32582.98,2596.61,80.16,84.94,99.99755183318544,72.34,86.17,83.83,86.13,11,18, Netherlands
charlotte,61,Moderate,61,15.0,60.0,40.75,32.5,23166.67,2.45,3871.88,5.32,731424.0,916.0495053,13.0,46.7,53.3,91.65,87.3,89.04,4656.954,82.12,23659.87,611.07,97.65,50.97,97.21818665060798,87.23,92.22,78.08,82.74,113,68, NC
worcester,46,Good,35,14.15,61.5,65.5,53.3,24600.0,3.08,1240.25,3.63,181045.0,1870.957205,9.0,46.6,53.4,94.78,93.2,93.83,4955.888,80.52,25093.08,2023.23,85.21,51.1,99.81224677580826,95.74,97.78,79.94,81.35,60,102,United States of America
lima,110,Unhealthy for Sensitive Groups,110,3.92,22.19,43.81,28.35,21697.31,0.52,954.12,8.29,8574974.0,3211.600749,42.0,70.9,29.1,81.42,76.19,78.28,4362.203,83.7,21859.24,2291.04,82.85,17.54,98.28300565659805,25.53,61.91,61.45,61.19,312,303, Peru
salt lake city,39,Good,39,17.0,67.5,56.8,40.1,27522.25,2.5,2777.53,5.14,186440.0,652.4044124,13.0,33.7,66.3,96.24,92.29,93.87,5536.500000000001,77.4,28091.55,1011.39,94.12,68.92,95.9873311334638,87.23,91.61,82.24,87.26,29,12, UT
amersfoort,30,Good,17,16.86,68.49,84.3,40.39,30909.86,3.16,1756.24,2.32,144879.0,2268.69715,16.0,46.6,53.4,98.12,97.28,97.62,6227.81,73.7,31503.12,1793.78,87.23,51.1,99.99268345635883,80.85,90.42,77.37,81.43,135,99,Netherlands
granada,61,Moderate,61,10.54,52.69,77.06,31.61,21074.9,1.48,1001.06,2.12,241003.0,2732.460317,20.0,46.6,53.4,91.65,87.3,89.04,4255.7660000000005,84.27,21469.64,2144.69,84.14,51.1,99.52400777780332,72.34,85.93,77.5,77.46,127,189,Colombia
sofia,50,Good,50,10.69,37.4,64.68,33.48,22857.83,0.85,828.19,3.15,1272000.0,970.9923664,30.0,41.9,58.1,93.95,89.8,91.46,4606.129000000001,82.39,23244.06,2806.61,78.31,57.6,97.44762093439789,51.06,74.25,76.83,75.61,150,210, Bulgaria
fort worth,61,Moderate,61,14.0,60.0,49.62,32.33,23432.67,2.5,3025.0,5.31,741206.0,824.1014721,20.0,46.6,53.4,91.65,87.3,89.04,4714.393999999999,81.81,23904.789999999997,790.24,96.07,51.1,96.81316053096813,72.34,84.58,76.49,80.77,162,120,United States of America
gaziantep,53,Moderate,53,3.22,16.1,24.82,33.54,31304.95,0.35,295.16,19.0,1467442.0,686.5289968,24.0,46.6,53.4,93.32,89.12,90.8,6274.079000000001,73.45,31426.719999999998,10647.35,9.27,51.1,96.15858839748694,63.83,79.99,73.51,54.25,220,324,Turkey
pune,98,Moderate,98,3.68,14.74,29.56,30.88,21989.65,0.37,485.56,8.0,3124458.0,6932.609998,42.0,41.6,58.4,83.92,78.91,80.91,4413.483,83.42,22129.98,4557.62,62.89,58.01,68.32300250579702,25.53,46.93,69.14,62.98,275,291, India
greensboro,60,Moderate,60,15.0,65.0,35.0,31.99,25100.0,1.5,2000.0,5.43,374037.0,776.6465727,7.0,46.6,53.4,91.86,87.53,89.26,5040.65,80.06,25586.5,1279.32,91.76,51.1,96.59390204363076,100.0,98.3,78.77,82.28,93,76,United States of America
jacksonville,57,Moderate,57,14.0,60.0,49.75,34.88,22065.62,1.75,2116.25,4.97,821784.0,424.5931992,13.0,57.1,42.9,92.48,88.21,89.92,4440.974,83.28,22537.12,1064.96,93.65,36.6,94.75548803688835,87.23,90.99,74.81,77.92,195,180, FL
nice,54,Moderate,54,20.02,76.4,71.0,38.64,29856.11,1.58,1826.49,1.17,343889.0,4781.548943,25.0,60.1,39.9,93.11,88.89,90.58,6010.884000000001,74.86,30529.29,1671.47,88.31,32.46,89.29560648136442,61.7,75.5,68.32,72.35,280,252, France
recife,42,Good,42,4.79,22.99,47.18,40.87,28367.25,0.8,447.05,8.43,1536934.0,7066.688124,37.0,76.4,23.6,95.62,91.61,93.21,5698.078,76.54,28558.93,6388.31,46.77,9.94,66.84271403667822,36.17,51.51,59.05,50.12,320,331, Brazil
rotterdam,35,Good,27,15.81,68.49,67.62,32.53,29252.23,4.21,1978.1,2.39,602620.0,1849.66237,19.0,32.9,67.1,97.08,95.01,95.84,5887.839,75.52,29798.36,1506.41,89.76,70.03,99.78743025999503,74.47,87.13,81.55,85.82,39,24, Netherlands
parma,86,Moderate,86,15.81,73.76,91.54,42.15,28003.28,1.58,974.71,2.42,163457.0,626.8244046,14.0,46.6,53.4,86.43,81.63,83.55,5649.746,76.8,28570.7,2931.2,77.22,51.1,95.85666246197532,85.11,90.48,74.8,74.92,196,219,Italy
southampton,39,Good,39,14.11,67.65,85.08,35.88,32441.26,2.58,1691.25,4.55,234100.0,4548.280552,24.0,46.6,53.4,96.24,92.29,93.87,6533.872,72.06,32952.22,1948.39,85.87,51.1,91.05933407945787,63.83,77.44,73.35,77.49,227,187,United Kingdom of Great Britain and Northern Ireland
bournemouth,37,Good,37,24.6,73.8,74.42,37.82,27675.0,3.08,2060.25,2.85,466266.0,9920.553191,25.0,46.6,53.4,96.66,92.74,94.31,5577.438,77.18,28490.5,1382.87,90.85,51.1,36.26639689587489,61.7,48.98,69.3,73.4,272,240,United Kingdom of Great Britain and Northern Ireland
brasilia,21,Good,11,5.75,38.32,44.88,42.14,27692.64,1.05,851.14,9.69,2562963.0,441.7424172,16.0,59.9,40.1,100.0,98.64,99.18,5562.223,77.27,27911.07,3279.26,74.15,32.73,94.85350178429664,80.85,87.85,73.73,72.79,215,248, Brazil
belfast,29,Good,23,19.07,73.8,67.65,39.21,25908.8,3.2,1634.14,2.81,595879.0,5181.556522,25.0,45.4,54.6,98.33,95.92,96.88,5219.719,79.1,26551.75,1624.81,88.72,52.76,85.97861406565994,61.7,73.84,75.91,78.79,172,162, United Kingdom
columbus,51,Moderate,51,15.0,65.0,44.33,37.33,23214.29,2.05,2561.54,5.27,787033.0,1381.020473,11.0,47.2,52.8,93.74,89.57,91.24,4668.228,82.06,23710.670000000002,925.64,94.88,50.28,98.85554600415858,91.49,95.17,79.03,82.88,86,64, OH
bonn,32,Good,30,15.81,73.76,78.89,36.22,25629.72,3.16,2212.86,2.66,318809.0,2260.094995,21.0,40.5,59.5,97.7,94.33,95.68,5168.867,79.37,26186.07,1183.36,92.61,59.53,99.99447778568208,70.21,85.1,79.63,83.61,71,48, Germany
bangkok,69,Moderate,69,2.74,28.8,56.55,38.02,26234.16,1.27,2044.33,5.64,8280925.0,5278.74459,44.0,40.5,59.5,89.98,85.49,87.29,5275.782000000001,78.8,26374.18,1290.11,91.67,59.53,85.12140501994418,21.28,53.2,70.98,74.85,255,220, Thailand
ramat gan,70,Moderate,70,20.55,88.08,92.23,61.62,39407.82,1.76,2084.53,3.62,143600.0,11966.66667,20.0,46.6,53.4,89.77,85.26,87.06,7931.965000000001,64.56,40118.310000000005,1924.57,86.08,51.1,19.722560258039426,72.34,46.03,63.11,69.57,304,267,Israel
wellington,24,Good,17,12.83,64.14,71.68,40.55,20483.9,2.36,2269.15,4.05,190956.0,658.4689655,27.0,32.4,67.6,99.37,97.28,98.12,4135.4220000000005,84.91,20942.840000000004,922.94,94.9,70.72,96.01802259340349,57.45,76.73,83.03,86.03,21,22, New Zealand
mannheim,30,Good,24,11.59,63.22,81.67,33.37,24938.64,2.85,1277.14,2.13,305780.0,2109.409492,18.0,46.6,53.4,98.12,95.69,96.66,5031.166,80.11,25370.859999999997,1986.54,85.53,51.1,99.98503635340465,76.6,88.29,78.63,80.26,98,128,Germany
nottingham,49,Good,49,14.76,61.5,90.88,34.85,29925.9,3.32,1906.5,4.41,729977.0,9783.902962,22.0,50.4,49.6,94.15,90.02,91.67,6033.904,74.74,30462.9,1597.84,88.96,45.86,37.5807812200484,68.09,52.84,67.37,71.64,286,256, United Kingdom
portsmouth,47,Good,47,14.76,63.96,60.13,31.98,30397.4,3.57,1722.0,4.45,238137.0,5916.447205,22.0,46.6,53.4,94.57,90.48,92.12,6112.854,74.31,30903.9,1794.65,87.22,51.1,79.07135052595412,68.09,73.58,72.81,76.69,233,199,United States of America
riga,54,Moderate,54,11.06,52.69,66.49,41.8,23156.05,1.21,845.4,2.45,637971.0,2106.905548,22.0,38.5,61.5,93.11,88.89,90.58,4666.7880000000005,82.07,23555.55,2786.32,78.49,62.29,99.98422634003799,68.09,84.04,79.65,78.57,69,171, Latvia
kayseri,40,Good,40,5.37,10.73,53.32,36.22,32505.94,0.35,328.28,22.93,1031696.0,328.9385418,16.0,46.6,53.4,96.03,92.06,93.65,6528.957,72.08,32720.709999999995,9967.32,15.26,51.1,94.19333308518158,80.85,87.52,75.32,58.27,186,313,Turkey
tangerang,201,Very Unhealthy,167,1.94,19.45,30.24,27.52,24365.49,0.29,842.65,10.75,1798601.0,10931.08667,20.0,46.6,53.4,62.42,63.27,62.93,4888.635000000001,80.88,24454.22,2902.06,77.47,51.1,27.327055931723578,72.34,49.83,62.74,61.71,306,301,Indonesia
honolulu,30,Good,30,18.0,82.5,49.75,48.0,21533.0,3.0,3776.92,6.11,337256.0,2150.771413,19.0,47.3,52.7,98.12,94.33,95.85,4335.375000000001,83.84,22125.75,585.81,97.87,50.14,99.99532788953753,74.47,87.23,79.1,83.3,82,54, HI
cork,27,Good,13,15.81,79.03,77.11,35.56,30615.25,2.53,2486.34,3.07,125622.0,3140.55,26.0,35.6,64.4,98.75,98.19,98.41,6165.0199999999995,74.03,31169.19,1253.62,91.99,66.3,98.5146826130315,59.57,79.04,79.19,84.58,79,39, Ireland
tulsa,54,Moderate,54,13.25,48.0,41.75,40.67,23600.0,2.5,1962.5,4.85,391906.0,766.0269606,11.0,46.6,53.4,93.11,88.89,90.58,4743.775,81.65,24041.75,1225.06,92.24,51.1,96.54388970411706,91.49,94.02,78.72,81.9,94,87,United States of America
utrecht,31,Good,28,17.91,63.22,99.91,46.1,33575.88,2.79,2090.37,2.86,306731.0,3091.734704,15.0,46.6,53.4,97.91,94.78,96.03,6768.992,70.8,34215.88,1636.83,88.61,51.1,98.66434013438786,82.98,90.82,76.19,81.53,167,97,Netherlands
qingdao,232,Very Unhealthy,232,2.99,21.35,50.34,30.87,16513.16,0.43,699.91,5.0,6302490.38,1206.218255,25.74695396,46.6,53.4,55.95,48.53,51.5,3328.443,89.24,16653.63,2379.4,82.07,51.1,98.3216768155533,60.11,79.22,68.27,66.11,281,281,China
jersey city,70,Moderate,70,15.0,80.0,50.75,55.8,18666.67,2.75,4500.0,5.43,247597.0,6484.038218,20.0,46.6,53.4,89.77,85.26,87.06,3761.984,86.92,19170.17,426.0,99.28,51.1,73.19141850422378,72.34,72.77,75.17,78.88,190,160,United States of America
rome,67,Moderate,67,16.33,73.76,84.13,36.52,28654.34,1.58,2284.37,1.99,2546804.0,1947.529651,27.0,53.0,47.0,90.4,85.94,87.72,5776.357000000001,76.12,29229.95,1279.56,91.76,42.27,99.88878476624834,57.45,78.67,71.07,75.76,254,208, Italy
lugano,62,Moderate,62,32.05,106.85,115.24,40.96,29863.18,2.56,3107.41,1.38,62315.0,2378.435115,26.0,46.6,53.4,91.44,87.07,88.82,6036.9220000000005,74.72,30942.48,995.76,94.26,51.1,99.9476892321164,59.57,79.76,73.35,79.21,227,151,Switzerland
detroit,88,Moderate,88,15.63,60.0,53.5,40.0,26901.67,2.0,2716.67,5.21,713777.0,1986.515727,11.0,74.1,25.9,86.01,81.18,83.11,5410.41,78.08,27426.07,1009.55,94.14,13.12,99.92010936578833,91.49,95.71,66.62,71.44,293,259, MI
orlando,58,Moderate,58,20.0,70.0,40.37,30.27,24571.43,2.0,3116.67,5.41,238300.0,831.7281933,17.0,51.5,48.5,92.28,87.98,89.7,4938.671,80.61,25213.8,809.0,95.9,44.34,96.84775221488489,78.72,87.78,75.25,79.84,188,137, FL
oslo,39,Good,14,20.55,112.0,93.19,42.6,34816.07,4.01,2334.05,2.78,560484.0,1234.573449,20.0,34.1,65.9,96.24,97.96,97.27,7014.32,69.48,35529.770000000004,1522.24,89.62,68.37,98.41504046009727,72.34,85.38,79.33,85.37,77,28, Norway
lyon,107,Unhealthy for Sensitive Groups,107,15.81,63.22,84.83,34.91,21352.39,2.0,1640.83,1.57,525236.0,10953.8269,25.0,52.8,47.2,82.05,76.87,78.94,4316.255,83.95,21913.52,1335.51,91.27,42.54,27.1427070357037,61.7,44.42,64.44,66.63,297,278, France
houston,103,Unhealthy for Sensitive Groups,103,16.5,75.0,48.81,40.15,23958.81,1.25,2941.19,4.91,2099451.0,1265.688045,16.0,63.8,36.2,82.88,77.78,79.82,4819.592000000001,81.25,24503.870000000003,833.13,95.69,27.35,98.5144874275593,80.85,89.68,69.1,73.44,276,239, TX
milan,67,Moderate,67,21.07,84.3,96.07,35.27,28783.71,2.11,2766.72,1.68,1256211.0,6899.604548,23.0,48.7,51.3,90.4,85.94,87.72,5809.202,75.94,29513.989999999998,1066.75,93.63,48.2,68.68594846022714,65.96,67.32,70.23,75.53,260,212, Italy
montreal,68,Moderate,68,14.82,66.7,62.79,35.84,19365.84,2.59,1846.59,5.41,1704694.0,4668.731685,20.0,31.8,68.2,90.19,85.71,87.5,3907.786,86.14,19875.82,1076.35,93.55,71.55,90.16516729739571,72.34,81.25,81.85,84.08,35,43, Canada
toulouse,53,Moderate,53,17.12,63.22,97.7,42.75,26036.29,1.79,1505.35,1.17,491942.0,4158.427726,21.0,50.1,49.9,93.32,89.12,90.8,5259.711000000001,78.89,26649.38,1770.31,87.44,46.27,93.69666296930014,70.21,81.95,74.32,76.89,205,197, France
baku,79,Moderate,79,5.88,29.41,43.8,41.5,21504.29,0.18,627.73,9.15,2286000.0,1073.239437,20.0,30.5,69.5,87.89,83.22,85.09,4323.952,83.9,21724.670000000002,3460.83,72.55,73.34,97.8492479104295,72.34,85.09,81.8,78.39,36,174, Azerbaijan
bengaluru,77,Moderate,77,3.07,18.42,30.92,32.34,24236.01,0.61,639.32,7.97,8443675.0,11394.97301,51.0,54.6,45.4,88.31,83.67,85.53,4863.3369999999995,81.01,24359.64,3810.24,69.47,40.06,23.719829248300876,6.38,15.05,58.71,55.25,322,321,Unknown
braga,39,Good,16,8.43,31.61,77.58,31.88,26343.63,1.63,965.93,1.57,181474.0,990.6326765,15.0,46.6,53.4,96.24,97.51,97.0,5309.365,78.62,26675.74,2761.66,78.71,51.1,97.52733467155583,82.98,90.25,78.66,78.69,96,166,Portugal
chongqing,283,Very Unhealthy,283,2.85,17.08,31.67,23.23,17054.11,0.43,444.93,5.33,24299808.69,561.67646,42.0,46.6,53.4,45.3,36.96,40.3,3427.2700000000004,88.71,17171.71,3859.42,69.04,51.1,95.5150593267457,25.53,60.52,61.57,55.67,311,320,China
brno,73,Moderate,73,7.79,34.61,79.53,35.69,25121.88,1.08,1141.65,4.55,384277.0,1669.390503,22.0,26.1,73.9,89.14,84.58,86.4,5065.807000000001,79.93,25436.190000000002,2228.02,83.41,79.42,99.5159914296147,68.09,83.8,82.19,83.24,31,57, Czech Republic
chengdu,386,Hazardous,386,2.85,24.77,83.57,32.52,20208.69,0.43,811.42,5.08,10807280.13,2939.156957,28.0,46.6,53.4,23.8,13.61,17.69,4084.136,85.19,20378.19,2511.42,80.91,51.1,99.08171612217625,55.32,77.2,58.19,56.91,324,318,China
denver,53,Moderate,53,18.0,75.0,60.08,37.63,23528.31,3.0,3436.84,4.92,600158.0,1513.778956,15.0,45.3,54.7,93.32,89.12,90.8,4739.602000000001,81.68,24131.390000000003,702.14,96.84,52.9,99.19394480480148,82.98,91.09,78.65,83.2,97,59, CO
dresden,54,Moderate,54,10.54,47.42,90.92,42.15,25835.73,2.63,1141.56,2.62,543825.0,1655.580248,23.0,31.0,69.0,93.11,88.89,90.58,5214.977000000001,79.13,26245.48,2299.09,82.78,72.65,99.49068608727778,65.96,82.73,81.09,82.19,44,80, Germany
santiago,62,Moderate,62,9.05,45.27,48.17,28.06,17815.51,0.91,835.52,6.17,311415.0,13902.45536,31.0,61.2,38.8,91.44,87.07,88.82,3589.0879999999997,87.84,18136.089999999997,2170.64,83.91,30.94,9.72022801068447,48.94,29.33,62.16,60.98,308,304, Chile
seattle,36,Good,36,20.0,100.0,53.53,44.95,25244.69,2.75,4174.86,5.23,608660.0,2803.339003,19.0,52.8,47.2,96.87,92.97,94.53,5079.978,79.85,25900.969999999998,620.4,97.56,42.54,99.38841133129038,74.47,86.93,75.61,80.92,180,114, WA
leicester,33,Good,33,17.22,61.5,69.93,43.05,29848.0,2.83,1449.35,3.08,508916.0,6941.025641,22.0,46.6,53.4,97.49,93.65,95.19,6008.292,74.87,30437.36,2100.07,84.53,51.1,68.23036170641338,68.09,68.16,72.67,75.56,235,211,United Kingdom of Great Britain and Northern Ireland
odesa,48,Good,48,5.44,21.76,57.77,32.12,16929.94,0.41,513.88,17.24,1029049.0,4343.811735,44.0,46.6,53.4,94.36,90.25,91.89,3416.002,88.77,17151.32,3337.61,73.64,51.1,92.49284774898112,21.28,56.89,73.76,69.22,214,271,Ukraine
london,40,Good,40,18.45,79.95,89.1,40.65,29001.52,3.2,4000.78,2.97,366151.0,870.6065578,18.0,53.8,46.2,96.03,92.06,93.65,5848.864,75.73,29647.32,741.04,96.5,41.16,97.02129331552663,76.6,86.81,73.78,80.01,213,135, United Kingdom
adelaide,44,Good,44,12.57,67.96,67.56,46.7,20288.54,2.89,2089.71,3.2,1161597.0,1423.0,21.0,31.1,68.9,95.2,91.16,92.78,4094.2910000000006,85.14,20736.09,992.3,94.29,72.51,98.96884877531924,70.21,84.59,83.78,86.53,12,15, Australia
colombo,56,Moderate,56,1.36,10.85,20.59,12.77,28672.95,0.11,549.78,16.08,561364.0,15172.0,20.0,41.6,58.4,92.69,88.44,90.14,5745.168000000001,76.28,28734.45,5226.54,57.0,58.01,5.7023294138401965,72.34,39.02,67.73,61.94,284,299, Sri Lanka
coventry,30,Good,25,12.3,49.2,67.34,33.7,26527.0,2.83,1131.6,4.23,359262.0,3642.153285,17.0,63.6,36.4,98.12,95.46,96.52,5341.813000000001,78.45,26966.170000000002,2383.01,82.04,27.62,96.53499933944825,78.72,87.63,72.1,73.17,240,242, United Kingdom
funchal,35,Good,17,8.43,36.88,66.74,31.48,30382.99,2.05,1308.4,2.23,111892.0,1476.147757,12.0,46.6,53.4,97.08,97.28,97.2,6111.859,74.32,30704.68,2346.73,82.36,51.1,99.10394765311716,89.36,94.23,78.22,80.63,110,123,Unknown
durban,90,Moderate,90,8.55,34.22,43.34,28.29,22643.19,1.14,678.97,8.52,3700000.0,1614.310646,16.0,81.0,19.0,85.59,80.73,82.67,4552.132,82.68,22944.17,3379.26,73.27,3.59,99.41125529310185,80.85,90.13,64.4,61.57,298,302, South Africa
ho chi minh city,86,Moderate,86,2.04,24.48,45.63,35.57,36393.31,0.29,1207.45,9.11,5834954.0,20618.21201,20.0,52.5,47.5,86.43,81.63,83.55,7301.914000000001,67.94,36500.43,3022.94,76.41,42.96,0.31038154978944194,72.34,36.33,59.28,61.82,319,300, Vietnam
hamilton,45,Good,45,29.0,150.0,90.75,55.0,36000.0,4.0,6666.67,6.5,536917.0,480.5787528,12.0,55.3,44.7,94.99,90.93,92.55,7251.575,68.21,36964.75,554.47,98.14,39.09,95.0723194942356,89.36,92.22,71.82,80.8,243,118, Canada
malmo,35,Good,26,9.68,77.47,92.89,31.73,20943.95,2.71,1263.78,1.78,298963.0,1921.85009,14.0,55.7,44.3,97.08,95.24,95.98,4237.442,84.37,21329.95,1687.79,88.16,38.54,99.86533286339771,85.11,92.49,77.44,78.58,130,170, Sweden
wollongong,24,Good,19,12.91,47.57,69.32,29.73,24434.96,2.42,4383.29,3.8,143375.0,1296.0,14.0,51.7,48.3,99.37,96.83,97.85,4924.476000000001,80.68,24893.999999999996,567.93,98.03,44.06,98.60833882783166,85.11,91.86,78.05,83.26,115,56, Australia
perth,37,Good,37,16.99,67.96,65.71,42.79,20049.89,2.72,2043.14,3.92,1456124.0,1263.0,19.0,41.7,58.3,96.66,92.74,94.31,4046.503,85.39,20628.02,1009.62,94.14,57.87,98.50602024905548,74.47,86.49,80.96,83.58,46,49, Australia
pescara,70,Moderate,70,18.97,63.22,88.87,34.25,21074.9,1.58,930.81,1.91,116286.0,3474.335226,17.0,46.6,53.4,89.77,85.26,87.06,4263.367000000001,84.23,21734.450000000004,2335.0,82.47,51.1,97.28562061127799,78.72,88.0,77.41,76.88,133,198,Italy
bogota,75,Moderate,75,3.15,18.88,41.2,29.25,17420.33,0.56,611.61,11.76,10763453.0,6060.571065,53.0,66.0,34.0,88.73,84.13,85.97,3505.3520000000008,88.29,17556.590000000004,2870.55,77.75,24.31,77.61562914639678,2.13,39.87,62.03,58.87,309,311, Colombia
sharjah,169,Unhealthy,156,5.45,19.06,45.21,59.7,19663.01,2.18,1236.98,4.44,665091.0,255.8042308,20.0,15.9,84.1,69.1,65.76,67.1,3956.515,85.87,19873.899999999998,1606.65,88.88,93.51,93.74606958528915,72.34,83.04,82.52,83.42,26,53, United Arab Emirates
sydney,42,Good,42,13.59,81.55,76.13,50.78,19828.64,3.06,3362.87,2.97,4556961.0,2302.0,28.0,33.9,66.1,95.62,91.61,93.21,4006.817,85.6,20315.530000000002,604.11,97.71,68.65,99.98336082991518,55.32,77.65,81.68,85.31,37,30, Australia
warsaw,40,Good,29,7.89,45.07,74.9,33.15,22271.23,0.99,1466.44,8.01,1671670.0,3231.903952,31.0,26.1,73.9,96.03,94.56,95.15,4493.3730000000005,83.0,22583.82,1540.04,89.47,79.42,98.2138003231027,48.94,73.58,83.26,85.2,18,33, Poland
baltimore,36,Good,36,14.5,65.0,41.87,25.71,25750.0,1.9,3225.0,5.43,620961.0,2961.90314,12.0,75.5,24.5,96.87,92.97,94.53,5174.025,79.35,26228.77,813.3,95.87,11.19,99.02436226009415,89.36,94.19,69.07,74.03,277,233, MD
bydgoszcz,35,Good,35,7.89,40.57,87.45,42.54,19799.19,0.86,661.31,6.1,373804.0,2124.127742,27.0,46.6,53.4,97.08,93.2,94.75,4005.2269999999994,85.61,20124.2,3043.08,76.23,51.1,99.98936613371265,57.45,78.72,77.89,75.08,121,218,Poland
reading,32,Good,32,24.6,73.8,73.8,44.28,27202.99,2.77,2107.58,2.8,318014.0,7871.633663,25.0,46.6,53.4,97.7,93.88,95.41,5482.695000000001,77.69,28017.56,1329.37,91.32,51.1,57.85656522813321,61.7,59.78,71.89,75.98,242,206,United Kingdom of Great Britain and Northern Ireland
montpellier,43,Good,43,13.7,63.22,73.76,43.03,25904.57,1.69,2397.27,1.75,293410.0,5158.403657,24.0,60.5,39.5,95.41,91.38,92.99,5220.703,79.1,26391.019999999997,1100.88,93.33,31.91,86.18000543694285,63.83,75.01,69.96,74.23,264,229, France
nagoya,59,Moderate,59,7.45,37.23,36.61,26.8,22335.55,1.79,3190.79,1.0,2295638.0,7032.127431,33.0,46.6,53.4,92.07,87.76,89.48,4487.084,83.03,22597.45,708.21,96.79,51.1,67.22512228386509,44.68,55.95,71.24,75.37,253,213,Japan
las vegas,46,Good,46,17.25,64.5,46.25,36.62,25575.0,2.5,2268.42,5.36,583756.0,1589.204811,16.0,55.2,44.8,94.78,90.7,92.33,5141.825,79.52,26141.25,1152.4,92.88,39.23,99.36014583031076,80.85,90.11,74.77,78.78,198,163, NV
omsk,55,Moderate,55,8.0,32.0,56.96,51.84,45221.21,0.48,760.0,11.0,1172070.0,2045.854425,31.0,46.6,53.4,92.9,88.66,90.36,9074.37,58.44,45518.65,5989.3,50.29,51.1,99.9578733750012,48.94,74.45,67.79,65.34,283,285,Russian Federation
birmingham,86,Moderate,86,13.47,61.5,73.12,36.9,29520.0,2.95,2174.26,3.05,2651305.0,7862.474422,19.0,62.6,37.4,86.43,81.63,83.55,5943.549,75.22,30000.170000000002,1379.79,90.88,29.01,57.958884309472836,74.47,66.21,63.95,68.65,300,273, United Kingdom
bristol,71,Moderate,71,18.45,73.8,86.1,35.81,27367.5,3.08,2163.67,3.31,617280.0,5611.636364,23.0,41.7,58.3,89.56,85.03,86.84,5520.548,77.49,28010.18,1294.57,91.63,57.87,82.0492195281667,65.96,74.0,74.22,78.47,208,173, United Kingdom
edmonton,49,Good,49,18.53,66.7,53.23,30.63,18299.17,2.59,1535.36,4.82,932546.0,1362.634248,13.0,45.9,54.1,94.15,90.02,91.67,3690.4139999999998,87.3,18910.89,1231.69,92.18,52.07,98.80409485556278,87.23,93.02,80.73,82.19,51,80, Canada
glasgow,50,Good,31,18.45,73.8,78.8,33.44,31277.15,3.08,1718.16,3.57,957620.0,5456.524217,20.0,45.3,54.7,93.95,94.1,94.04,6298.828,73.32,31912.530000000002,1857.37,86.67,52.9,83.50587744523695,72.34,77.92,74.32,78.32,205,175, United Kingdom
grenoble,50,Good,40,14.23,52.69,90.32,34.9,34246.72,1.79,1132.78,1.09,159855.0,8817.153889,26.0,57.4,42.6,93.95,92.06,92.82,6897.529000000001,70.11,34765.73,3069.06,76.0,36.19,47.47444868220839,59.57,53.52,63.99,65.76,299,284, France
amsterdam,38,Good,30,19.49,84.3,89.57,40.24,31264.62,3.37,3034.43,3.04,767849.0,3499.129603,18.0,32.0,68.0,96.45,94.33,95.18,6301.944,73.3,31942.26,1052.66,93.76,71.27,97.18022194683508,76.6,86.89,80.98,87.12,45,13, Netherlands
rio de janeiro,87,Moderate,87,6.71,28.74,40.99,42.03,26731.2,0.86,795.11,9.68,6323037.0,5348.081705,32.0,77.6,22.4,86.22,81.41,83.33,5368.163000000001,78.31,26974.350000000002,3392.53,73.15,8.29,84.49845597564133,46.81,65.65,59.53,57.98,317,316, Brazil
winnipeg,54,Moderate,54,14.82,55.59,44.07,30.8,19189.0,2.3,1349.06,4.5,705244.0,1519.660403,17.0,58.8,41.2,93.11,88.89,90.58,3863.029,86.38,19679.969999999998,1458.79,90.18,34.25,99.20758562777957,78.72,88.96,74.91,76.05,193,205, Canada
ottawa,69,Moderate,69,18.53,63.0,53.31,36.26,19163.27,2.74,2040.48,5.33,934243.0,334.8277197,19.0,28.3,71.7,89.98,85.49,87.29,3863.289,86.37,19775.22,969.15,94.49,76.38,94.22869509668024,74.47,84.35,83.7,86.13,13,18, Canada
milwaukee,49,Good,49,15.0,50.0,51.7,43.57,22166.67,2.5,2156.86,5.04,594833.0,2387.774876,9.0,67.1,32.9,94.15,90.02,91.67,4462.434,83.16,22670.87,1051.11,93.77,22.79,99.94196779995565,95.74,97.84,73.13,76.31,230,202, WI
athens,69,Moderate,69,12.64,52.69,78.73,35.24,23864.69,1.26,905.38,4.14,664064.0,17044.76386,34.0,55.9,44.1,89.98,85.49,87.29,4814.957,81.27,24323.879999999997,2686.59,79.37,38.26,2.3488139111277553,42.55,22.45,60.26,59.69,315,309, Greece
eindhoven,30,Good,30,16.86,63.22,70.78,33.46,31419.17,4.74,1800.68,2.14,214036.0,2409.230077,18.0,22.8,77.2,98.12,94.33,95.85,6323.07,73.19,32000.49,1777.13,87.38,83.98,99.9277014402097,76.6,88.26,84.57,88.82,8,8, Netherlands
coimbra,27,Good,23,8.43,36.88,73.41,24.87,33109.18,1.69,763.97,2.28,143396.0,448.9261787,12.0,46.6,53.4,98.75,95.92,97.05,6660.396,71.38,33437.18,4376.77,64.49,51.1,94.89430711466468,89.36,92.13,76.88,74.81,146,221,Portugal
singapore,91,Moderate,91,11.09,66.55,76.31,44.52,99668.1,1.48,5414.5,2.5,5688000.0,7804.610318,27.0,29.2,70.8,85.39,80.5,82.46,19974.141000000003,0.0,100078.59,1848.34,86.75,75.14,58.60561671236793,57.45,58.03,51.01,77.03,331,195, Singapore
strasbourg,51,Moderate,51,15.81,63.22,104.5,44.26,30558.61,1.9,1264.49,1.4,287532.0,3674.060823,22.0,39.0,61.0,93.74,89.57,91.24,6167.3240000000005,74.02,31139.31,2462.6,81.34,61.6,96.38247827845238,68.09,82.24,76.86,79.06,147,154, France
new orleans,60,Moderate,60,19.75,77.5,56.78,44.99,25285.71,1.5,2998.33,5.29,343829.0,783.2536631,17.0,67.6,32.4,91.86,87.53,89.26,5089.632,79.8,25936.489999999998,865.03,95.41,22.1,96.62484346753544,78.72,87.67,69.31,74.0,271,234, LA
ljubljana,31,Good,15,10.54,44.26,76.49,36.75,24364.7,1.37,1308.92,2.1,257338.0,935.7745455,17.0,21.8,78.2,97.91,97.73,97.8,4913.43,80.74,24758.76,1891.54,86.37,85.36,97.30164474654802,78.72,88.01,87.61,89.3,2,6, Slovenia
manama,188,Unhealthy,188,5.3,53.05,44.1,65.17,21098.97,0.8,1785.3,5.94,153395.0,5113.166667,20.0,46.6,53.4,65.14,58.5,61.16,4242.984,84.34,21302.87,1193.24,92.52,51.1,86.57029296723391,72.34,79.46,69.26,71.71,273,255,Bahrain
genoa,38,Good,34,15.81,63.22,80.74,37.93,29856.11,1.58,1053.75,2.19,610307.0,2505.365353,27.0,44.4,55.6,96.45,93.42,94.63,6014.912000000001,74.84,30412.730000000003,2886.14,77.61,54.14,99.8445788661926,57.45,78.65,75.37,76.21,184,203, Italy
haarlem,35,Good,27,18.44,71.13,106.07,45.31,24931.61,4.21,2560.07,2.57,149516.0,4659.270801,25.0,46.6,53.4,97.08,95.01,95.84,5043.466,80.05,25595.09,999.78,94.22,51.1,90.23669478029323,61.7,75.97,75.94,80.2,171,130,Netherlands
leuven,35,Good,35,15.81,79.03,83.55,37.33,28644.31,2.63,1371.04,2.1,97692.0,1725.092707,21.0,46.6,53.4,97.08,93.2,94.75,5774.062000000001,76.13,29204.79,2130.12,84.27,51.1,99.61155458789231,70.21,84.91,76.28,78.73,166,164,Belgium
ostrava,81,Moderate,81,7.79,34.61,83.43,39.24,20915.52,1.08,825.57,4.38,302456.0,1413.345794,13.0,46.6,53.4,87.47,82.77,84.65,4226.485000000001,84.43,21233.730000000003,2572.01,80.38,51.1,98.94330642119795,87.23,93.09,77.88,76.67,123,200,Czechia
zurich,109,Unhealthy for Sensitive Groups,109,26.71,128.21,99.62,49.97,32763.39,4.7,3958.91,1.44,421878.0,4804.98861,27.0,18.3,81.7,81.63,76.42,78.5,6608.3,71.66,33669.009999999995,850.46,95.54,90.19,89.11114863768042,57.45,73.28,78.33,85.49,106,26, Switzerland
manila,131,Unhealthy for Sensitive Groups,131,3.59,28.71,39.02,28.23,18370.66,0.54,1704.49,7.8,1846513.0,43062.33675,53.0,65.4,34.6,77.04,71.43,73.67,3694.414,87.28,18517.920000000002,1086.42,93.46,25.14,4.492743715155081e-11,2.13,1.07,51.1,52.95,330,325, Philippines
arnhem,37,Good,37,17.91,52.69,81.67,33.37,32639.76,2.53,1555.59,2.23,147244.0,1450.251157,19.0,46.6,53.4,96.66,92.74,94.31,6572.622,71.85,33261.259999999995,2138.18,84.2,51.1,99.03928707513944,74.47,86.75,75.26,78.96,187,158,Netherlands
zapopan,52,Moderate,52,7.74,52.86,48.35,38.15,18178.07,0.52,817.74,10.38,1332272.0,1491.655377,20.0,46.6,53.4,93.53,89.34,91.02,3661.389,87.46,18459.14,2257.34,83.15,51.1,99.1416043679511,72.34,85.74,78.92,77.62,89,185,Mexico
beirut,64,Moderate,64,10.0,60.0,83.4,57.78,21328.57,1.91,1477.78,9.91,2400000.0,35820.89552,20.0,46.3,53.7,91.02,86.62,88.38,4309.605,83.98,21713.88,1469.36,90.09,51.52,4.378706067770893e-07,72.34,36.17,67.4,69.24,285,270, Lebanon
breda,32,Good,25,20.81,63.22,81.67,31.61,29215.09,4.0,1896.74,2.71,173445.0,1342.973287,19.0,46.6,53.4,97.7,95.46,96.36,5888.415,75.52,29925.06,1577.71,89.13,51.1,98.74784819656088,74.47,86.61,76.84,80.93,149,113,Netherlands
suzhou,141,Unhealthy for Sensitive Groups,78,4.98,39.15,72.96,56.92,32563.67,0.43,2174.87,4.72,5545856.521,1191.888356,16.0,46.6,53.4,74.95,83.45,80.05,6550.253,71.97,32786.46,1507.51,89.75,51.1,98.27350351260527,80.85,89.56,72.29,77.62,238,185,China
valencia,115,Unhealthy for Sensitive Groups,115,12.64,47.42,68.49,30.88,20837.81,1.58,1455.83,2.11,792054.0,5884.502229,17.0,31.8,68.2,80.38,75.06,77.19,4204.493000000001,84.54,21287.08,1462.2,90.15,71.55,79.39008426035461,78.72,79.06,78.36,80.04,105,133, Spain
raleigh,54,Moderate,54,15.0,65.0,46.1,37.29,21525.0,1.62,3245.44,5.6,403892.0,1060.004993,12.0,38.3,61.7,93.11,88.89,90.58,4331.212,83.87,22022.719999999998,678.57,97.05,62.57,97.79913185263317,89.36,93.58,82.16,86.12,32,20, NC
nanjing,185,Unhealthy,143,3.13,21.35,54.95,33.78,20000.85,0.57,1174.54,5.24,8385594.495,1273.052147,23.0,46.6,53.4,65.76,68.71,67.53,4028.328,85.49,20150.269999999997,1715.59,87.92,51.1,98.53756340877796,65.96,82.25,71.75,72.48,245,250,China
cape town,149,Unhealthy for Sensitive Groups,149,8.55,34.22,46.81,32.75,21346.21,1.14,1364.97,8.53,3740026.0,1532.797541,23.0,73.6,26.4,73.28,67.35,69.72,4294.471,84.06,21650.66,1586.16,89.06,13.81,99.23763907724488,65.96,82.6,62.62,64.12,307,287, South Africa
brussels,53,Moderate,53,15.81,73.76,83.82,30.14,28166.61,2.53,1716.65,1.64,168576.0,5169.457222,29.0,54.6,45.4,93.32,89.12,90.8,5678.647,76.64,28727.26,1673.45,88.29,40.06,86.08399511469763,53.19,69.64,69.64,73.13,268,243, Belgium
caracas,66,Moderate,66,10.0,50.0,41.43,40.0,34714.29,0.35,831.25,27.0,1943901.0,4489.378753,20.0,83.6,16.4,90.61,86.17,87.95,6965.608,69.74,35056.07,4217.27,65.89,0.0,91.48335332307308,72.34,81.91,59.29,58.14,318,315, Venezuela
cleveland,55,Moderate,55,12.0,70.5,50.22,33.55,23183.33,2.5,2600.0,5.46,396815.0,1970.928904,9.0,64.0,36.0,92.9,88.66,90.36,4664.426,82.08,23596.050000000003,907.54,95.04,27.07,99.90820500638779,95.74,97.82,73.55,77.43,218,190, OH
leiden,38,Good,32,15.81,63.22,88.78,33.19,28136.25,3.16,2239.21,2.11,117342.0,5066.580311,21.0,46.6,53.4,96.45,93.88,94.91,5675.1179999999995,76.66,28702.49,1281.81,91.74,51.1,86.96773399230291,70.21,78.59,75.22,79.74,189,142,Netherlands
little rock,68,Moderate,68,15.0,62.5,37.95,29.25,26857.46,1.68,1683.33,5.44,193524.0,622.4297823,8.0,46.6,53.4,90.19,85.71,87.5,5393.635,78.17,27347.09,1624.58,88.72,51.1,95.8340166274584,97.87,96.85,77.47,80.64,128,122,United States of America
graz,57,Moderate,57,11.59,60.59,95.36,44.41,21055.0,2.85,1269.76,1.82,289440.0,2268.871992,23.0,26.3,73.7,92.48,88.21,89.92,4261.282999999999,84.24,21500.91,1693.31,88.12,79.14,99.99264437306974,65.96,82.98,84.13,85.3,10,31, Austria
dallas,70,Moderate,70,20.0,75.0,52.74,47.96,22234.25,2.5,3498.93,4.65,1939022.0,1089.998553,13.0,51.1,48.9,89.77,85.26,87.06,4477.47,83.08,22889.49,654.19,97.27,44.89,97.91190984497065,87.23,92.57,76.43,80.68,165,121, TX
lausanne,62,Moderate,62,26.71,117.53,113.13,54.75,36014.71,3.95,3454.66,1.57,140202.0,3388.158531,22.0,26.2,73.8,91.44,87.07,88.82,7265.244000000001,68.14,36933.09,1069.08,93.61,79.28,97.63693744074725,68.09,82.86,79.04,86.68,84,14, Switzerland
malaga,46,Good,46,10.54,47.42,80.35,33.12,24130.77,1.48,1188.39,2.17,561435.0,1423.155894,15.0,27.1,72.9,94.78,90.7,92.33,4868.585000000001,80.98,24528.8,2064.04,84.85,78.04,98.96925870412642,82.98,90.97,85.08,86.24,6,16, Spain
vitoria,60,Moderate,60,5.36,38.32,36.4,45.02,26679.31,0.79,517.3,10.41,240753.0,869.7723988,14.0,46.6,53.4,91.86,87.53,89.26,5355.213000000001,78.38,26877.300000000003,5195.69,57.27,51.1,97.01761905579663,85.11,91.06,76.82,70.48,151,265,Brazil
cologne,53,Moderate,53,13.7,55.32,86.27,30.56,28978.78,3.16,1712.34,2.67,1060582.0,2618.591674,21.0,42.0,58.0,93.32,89.12,90.8,5841.947,75.77,29479.21,1721.57,87.87,57.46,99.7065076377887,70.21,84.96,76.79,80.42,152,125, Germany
stavanger,29,Good,14,20.04,92.48,115.8,54.78,33527.57,4.16,2089.27,3.39,119586.0,1674.87395,12.0,23.3,76.7,98.33,97.96,98.11,6767.838000000001,70.8,34248.73,1639.27,88.59,83.29,99.5258615405002,89.36,94.44,85.48,90.82,4,2, Norway
omaha,43,Good,43,20.0,75.0,57.86,40.29,24416.67,1.25,1650.0,5.43,471188.0,985.9084009,10.0,46.6,53.4,95.41,91.38,92.99,4916.389,80.73,25075.78,1519.74,89.64,51.1,97.50827140968354,93.62,95.56,79.35,82.03,76,82,United States of America
dusseldorf,53,Moderate,53,11.59,59.54,109.14,39.14,23656.58,3.16,1886.91,1.88,612178.0,2815.776643,19.0,35.4,64.6,93.32,89.12,90.8,4788.52,81.41,24116.58,1278.1,91.77,66.57,99.36288269691224,74.47,86.92,81.15,84.26,43,42, Germany
naples,31,Good,24,15.81,52.69,67.62,35.48,26080.19,1.37,1112.82,1.67,1004500.0,8565.703078,25.0,61.7,38.3,97.91,95.69,96.58,5253.147,78.92,26623.48,2392.43,81.96,30.25,50.187198288835496,61.7,55.94,66.57,67.48,294,277, Italy
virginia beach,46,Good,26,23.0,80.0,60.38,36.25,24230.0,2.0,2950.0,5.44,437994.0,691.0290584,13.0,46.6,53.4,94.78,95.24,95.06,4880.99,80.92,24982.38,846.86,95.57,51.1,96.18091044898723,87.23,91.71,79.16,83.55,80,51,United States of America
stuttgart,38,Good,38,12.64,63.22,81.84,32.21,25393.5,2.9,1885.85,2.61,623738.0,3008.140825,25.0,31.4,68.6,96.45,92.52,94.09,5122.438000000001,79.62,25857.440000000002,1371.13,90.95,72.1,98.90250503616647,61.7,80.3,81.49,84.89,40,37, Germany
melbourne,39,Good,39,15.63,81.55,73.63,45.78,19141.31,3.13,2385.93,3.44,4274287.0,1471.0,23.0,44.0,56.0,96.24,92.29,93.87,3868.5160000000005,86.35,19686.97,825.13,95.76,54.7,99.09127122990962,65.96,82.53,79.55,82.38,72,73, Australia
louisville,84,Moderate,84,15.0,57.5,43.0,30.5,24003.12,1.8,1857.14,5.27,741096.0,4653.979556,11.0,57.3,42.7,86.85,82.09,83.99,4825.304,81.22,24497.92,1319.12,91.41,36.33,90.276603114729,91.49,90.88,72.62,75.68,236,209, KY
antwerp,39,Good,39,18.97,79.03,97.18,46.83,26868.75,2.63,1369.87,1.78,507911.0,2483.550927,24.0,40.0,60.0,96.24,92.29,93.87,5426.397,77.99,27537.66,2010.24,85.33,60.22,99.86619174913486,63.83,81.85,78.29,80.49,108,124, Belgium
barcelona,163,Unhealthy,163,14.75,63.22,77.21,32.81,26830.67,2.53,1798.22,2.11,1611013.0,16405.4277,22.0,49.8,50.2,70.35,64.17,66.64,5407.942,78.09,27352.909999999996,1521.11,89.63,46.69,3.2224356439980375,68.09,35.66,58.89,62.35,321,297, Spain
bologna,45,Good,45,17.91,71.13,79.38,27.84,28714.56,1.58,1533.48,2.08,371217.0,2637.795779,18.0,47.6,52.4,94.99,90.93,92.55,5786.342000000001,76.06,29332.820000000003,1912.83,86.18,49.72,99.67879131301312,76.6,88.14,76.01,79.05,169,155, Italy
pamplona,81,Moderate,81,12.64,52.69,92.52,31.61,18440.54,1.4,1194.24,1.82,195943.0,8232.89916,15.0,46.6,53.4,87.47,82.77,84.65,3737.036,87.05,18913.660000000003,1583.74,89.08,51.1,53.83884633555881,82.98,68.41,73.73,74.34,215,227,Philippines
ningbo,205,Very Unhealthy,151,4.63,23.49,41.52,31.5,21827.74,0.28,889.72,5.17,4268511.081,1144.372944,17.0,46.6,53.4,61.59,66.89,64.77,4387.262000000001,83.56,22008.44,2473.64,81.24,51.1,98.1090282378828,78.72,88.41,71.72,71.02,247,261,China
salzburg,70,Moderate,70,15.28,63.22,87.31,36.0,20539.25,2.63,1565.29,2.22,155021.0,2361.325209,23.0,46.6,53.4,89.77,85.26,87.06,4154.8240000000005,84.81,21087.59,1347.2,91.16,51.1,99.95740104707335,65.96,82.96,76.57,78.48,159,172,Austria
taipei,167,Unhealthy,124,5.89,39.28,75.69,32.38,24854.67,0.82,1474.67,1.67,4000000.0,1948.785906,20.0,15.1,84.9,69.52,73.02,71.62,5010.039000000001,80.23,25107.879999999997,1702.61,88.03,94.61,99.88987462142691,72.34,86.11,82.85,85.19,23,34, Taiwan
fresno,64,Moderate,64,15.0,60.0,41.86,30.0,22225.0,1.5,2700.0,5.19,494665.0,1658.255767,18.0,46.6,53.4,91.02,86.62,88.38,4469.08,83.13,22718.36,841.42,95.62,51.1,99.49563857400324,76.6,88.05,77.42,81.17,132,105,Colombia
buffalo,39,Good,39,15.0,75.0,53.17,27.0,32469.25,2.0,2225.0,5.43,261310.0,2498.72016,10.0,46.6,53.4,96.24,92.29,93.87,6523.635,72.11,32974.42,1482.0,89.98,51.1,99.85133358029007,93.62,96.74,77.22,82.58,139,71,United States of America
el paso,100,Unhealthy for Sensitive Groups,100,12.0,41.25,47.38,32.38,24900.0,1.5,1556.0,5.43,649121.0,969.8679617,12.0,46.6,53.4,83.51,78.46,80.48,5006.24,80.25,25308.88,1626.53,88.7,51.1,97.44302056275963,89.36,93.4,75.65,78.18,178,176,United States of America
verona,66,Moderate,66,15.81,55.32,82.04,35.38,28319.4,1.37,1527.93,1.98,253208.0,1225.417413,16.0,46.6,53.4,90.61,86.17,87.95,5708.1990000000005,76.48,28877.11,1889.95,86.38,51.1,98.38517771068038,80.85,89.62,75.63,78.6,179,169,United States of America
lisbon,41,Good,19,12.64,52.69,80.35,32.14,31189.24,1.95,2149.25,2.42,547631.0,6471.649728,23.0,29.6,70.4,95.82,96.83,96.43,6280.746000000001,73.41,31650.74,1472.64,90.06,74.59,73.32355420358037,65.96,69.64,78.71,83.7,95,47, Portugal
bakersfield,61,Moderate,61,16.0,55.0,42.5,30.0,34543.25,1.75,2256.43,7.62,347483.0,895.7673438,18.0,46.6,53.4,91.65,87.3,89.04,6933.275000000001,69.91,35067.5,1554.11,89.34,51.1,97.13110374315114,76.6,86.87,73.38,79.21,224,151,United States of America
tallinn,96,Moderate,96,13.7,63.22,86.89,37.4,24997.61,1.58,1296.11,2.28,450830.0,2831.846734,26.0,24.7,75.3,84.34,79.37,81.36,5045.865000000002,80.03,25497.08,1967.2,85.7,81.35,99.32913310464868,59.57,79.45,80.58,82.28,53,76, Estonia
nuremberg,29,Good,26,10.54,52.69,85.94,46.1,26132.88,2.95,1440.12,1.97,509975.0,2736.210967,25.0,34.9,65.1,98.33,95.24,96.48,5271.949000000001,78.82,26537.97,1842.76,86.8,67.27,99.5172545589864,61.7,80.61,80.71,83.1,52,61, Germany
leeds,35,Good,35,14.76,61.5,87.47,37.67,25308.79,2.71,1820.4,3.0,2300386.0,2161.773108,19.0,42.8,57.2,97.08,93.2,94.75,5108.716,79.7,25841.77,1419.57,90.53,56.35,99.99708441768429,74.47,87.23,79.13,82.38,81,73, United Kingdom
memphis,67,Moderate,67,15.5,60.0,46.56,32.86,20042.6,1.75,2337.5,5.2,646889.0,841.0094595,11.0,74.8,25.2,90.4,85.94,87.72,4035.0750000000003,85.45,20555.91,879.4,95.28,12.15,96.88960597469786,91.49,94.19,69.44,72.39,270,251, TN
novosibirsk,42,Good,36,9.6,48.0,81.5,50.4,40466.67,0.43,858.18,12.34,1612833.0,3381.201258,45.0,47.7,52.3,95.62,92.97,94.03,8136.047,63.47,40836.6,4758.51,61.12,49.59,97.66427775881472,19.15,58.41,66.63,65.92,292,283, Russia
madrid,96,Moderate,96,12.64,52.69,77.06,35.43,25404.84,1.58,1813.42,2.29,3198645.0,5280.034665,15.0,30.1,69.9,84.34,79.37,81.36,5122.184000000001,79.62,25862.68,1426.18,90.47,73.9,85.10989994582744,82.98,84.04,79.51,82.76,73,67, Spain
vancouver,49,Good,49,18.16,83.38,58.69,37.87,19160.9,2.3,3373.09,4.46,631486.0,5492.615465,30.0,39.6,60.4,94.15,90.02,91.67,3865.387,86.36,19766.690000000002,586.01,97.87,60.77,83.17073677061657,51.06,67.12,77.44,80.9,130,115, Canada
charleston,78,Moderate,78,21.0,70.0,56.88,39.0,35000.0,2.0,3666.67,5.43,120083.0,404.018352,17.0,46.6,53.4,88.1,83.45,85.31,7032.84,69.38,35688.88,973.33,94.46,51.1,94.63677833450357,78.72,86.68,72.25,79.78,239,140,United States of America
katowice,80,Moderate,80,6.76,33.81,65.43,32.68,23320.67,0.81,646.98,4.87,327222.0,1987.5,16.0,46.6,53.4,87.68,82.99,84.87,4698.282,81.9,23589.71,3646.13,70.92,51.1,99.92083339228266,80.85,90.39,76.64,73.35,156,241,Poland
toronto,38,Good,38,18.53,85.23,60.67,37.89,19623.25,2.41,2733.4,5.24,2731571.0,4334.38219,22.0,42.2,57.8,96.45,92.52,94.09,3958.9320000000002,85.86,20242.23,740.55,96.51,57.18,92.55631989603499,68.09,80.32,79.64,82.83,70,66, Canada
chelyabinsk,33,Good,22,12.8,32.0,71.2,53.33,37760.01,0.45,458.67,11.5,1198680.0,2261.660377,31.0,46.6,53.4,97.49,96.15,96.69,7590.207,66.39,38215.659999999996,8331.84,29.66,51.1,99.99417001706107,48.94,74.47,71.76,60.74,244,305,Russian Federation
ankara,44,Good,36,3.76,16.1,35.5,26.72,31741.92,0.38,487.81,20.98,4890893.0,1943.916137,28.0,39.5,60.5,95.2,92.97,93.86,6366.924,72.95,31890.6,6537.5,45.46,60.91,99.88562002051938,55.32,77.6,76.1,67.85,168,276, Turkey
geneva,128,Unhealthy for Sensitive Groups,128,26.71,128.21,99.72,61.97,32943.88,3.21,4336.65,1.28,203856.0,12805.02513,29.0,29.7,70.3,77.66,72.11,74.33,6644.299,71.46,33848.10999999999,780.51,96.15,74.45,14.74643470788998,53.19,33.97,65.43,72.83,295,247, Switzerland
budapest,81,Moderate,81,8.23,38.57,69.57,31.89,22011.83,0.9,886.09,8.13,1729040.0,3293.409524,27.0,34.8,65.2,87.47,82.77,84.65,4438.887000000001,83.29,22329.200000000004,2519.97,80.84,67.4,97.99605257269745,57.45,77.72,78.54,77.81,100,182, Hungary
sao paulo,198,Unhealthy,198,7.66,38.32,58.83,49.57,27234.36,0.84,990.82,9.4,11244369.0,7383.087873,30.0,70.5,29.5,63.05,56.24,58.96,5477.903,77.72,27523.83,2777.88,78.57,18.09,63.3215137617793,51.06,57.19,54.02,54.27,327,323, Brazil
lille,48,Good,48,14.75,52.69,95.89,35.96,26343.63,1.84,1417.29,1.48,235189.0,6752.483491,20.0,51.9,48.1,94.36,90.25,91.89,5319.805000000001,78.57,26883.86,1896.85,86.32,43.78,70.29563563787423,72.34,71.32,71.75,74.08,245,231, France
johannesburg,121,Unhealthy for Sensitive Groups,121,8.55,34.22,47.75,26.42,21046.69,1.82,756.77,9.12,3888100.0,14453.90335,21.0,80.7,19.3,79.12,73.7,75.87,4235.105,84.38,21352.76,2821.57,78.18,4.01,7.762388954795754,70.21,38.99,53.08,51.22,329,329, South Africa
tilburg,37,Good,37,12.64,79.03,56.11,26.34,30734.59,3.42,1630.57,2.06,204924.0,1719.882501,19.0,46.6,53.4,96.66,92.74,94.31,6177.843,73.96,31173.32,1911.81,86.19,51.1,99.60305826212563,74.47,87.04,75.95,79.62,170,146,Netherlands
mersin,46,Good,46,2.68,12.07,33.81,23.83,25943.31,0.38,365.6,18.25,921784.0,303.4180382,23.0,46.6,53.4,94.78,90.7,92.33,5206.141,79.17,26057.9,7127.43,40.26,51.1,94.03896285167829,65.96,80.0,75.61,63.94,180,288,Unknown
hobart,48,Good,48,17.74,67.96,68.64,32.85,16638.69,2.17,1317.76,2.5,49887.0,654.6850394,20.0,32.3,67.7,94.36,90.25,91.89,3365.823,89.04,17241.699999999997,1308.41,91.51,70.86,95.99888587645734,72.34,84.17,84.23,84.97,9,36, Australia
washington,66,Moderate,66,19.5,82.5,54.7,33.42,21599.78,2.75,4600.0,5.16,601723.0,3800.768897,17.0,60.1,39.9,90.61,86.17,87.95,4351.481,83.76,22242.23,483.53,98.77,32.46,95.74640001781992,78.72,87.23,72.68,77.18,234,193, DC
copenhagen,36,Good,36,19.85,113.4,106.09,50.62,38304.11,3.4,2669.65,1.69,528208.0,6002.363636,18.0,26.5,73.5,96.87,92.97,94.53,7718.177000000001,65.71,39009.1,1461.21,90.16,78.87,78.20695865168342,76.6,77.4,78.54,85.88,100,23, Denmark
rochester,46,Good,46,20.0,70.0,47.38,29.17,23550.67,1.0,1650.0,5.4,210565.0,2273.068299,10.0,46.6,53.4,94.78,90.7,92.33,4737.924,81.68,24199.05,1466.61,90.11,51.1,99.99167512157422,93.62,96.81,79.72,82.25,67,78,United States of America
knoxville,56,Moderate,19,14.0,55.0,44.0,37.17,20875.0,1.5,2120.0,5.27,178874.0,699.5787423,10.0,46.6,53.4,92.69,96.83,95.17,4199.95,84.57,21340.5,1006.63,94.16,51.1,96.22315164414096,93.62,94.92,80.92,83.8,47,45,United States of America
edinburgh,35,Good,32,18.45,73.8,74.68,43.33,24575.25,2.21,2229.38,2.31,482270.0,1862.046332,32.0,30.9,69.1,97.08,93.88,95.16,4956.3009999999995,80.51,25205.64,1130.61,93.07,72.79,99.80204905368753,46.81,73.31,80.8,84.57,50,40, United Kingdom
middlesbrough,45,Good,45,12.3,52.28,89.79,49.2,27060.0,3.38,876.38,3.83,376663.0,6990.775798,18.0,46.6,53.4,94.99,90.93,92.55,5459.692999999999,77.82,27522.170000000002,3140.44,75.37,51.1,67.68192873669486,76.6,72.14,73.69,72.95,217,245,United Kingdom of Great Britain and Northern Ireland
florence,43,Good,43,15.81,63.22,76.26,39.22,27252.49,1.58,1738.68,1.71,356118.0,3477.375256,17.0,38.4,61.6,95.41,91.38,92.99,5491.948000000001,77.64,27804.630000000005,1599.18,88.95,62.43,97.2728011257166,78.72,88.0,79.75,83.14,66,60, Italy
munster,53,Moderate,53,10.54,47.42,84.12,28.1,22652.01,4.9,1422.56,1.87,310039.0,1022.286336,19.0,46.6,53.4,93.32,89.12,90.8,4575.0599999999995,82.56,23057.23,1620.83,88.75,51.1,97.65324379606596,74.47,86.06,77.46,79.31,129,149,Germany
valladolid,42,Good,42,10.54,42.15,81.67,30.3,24236.14,1.58,1159.12,2.83,311682.0,1578.136709,13.0,46.6,53.4,95.62,91.61,93.21,4890.329000000001,80.87,24635.59,2125.37,84.31,51.1,99.33694485036722,87.23,93.28,78.99,80.03,88,134,Mexico
kosice,85,Moderate,85,6.32,33.19,74.64,34.77,21038.02,0.95,853.53,1.84,238725.0,983.2166392,23.0,46.6,53.4,86.64,81.86,83.77,4246.283,84.32,21303.210000000003,2495.89,81.05,51.1,97.49737821136573,65.96,81.73,75.36,74.38,185,226,Slovakia
johor bahru,107,Unhealthy for Sensitive Groups,107,2.17,21.65,60.97,35.82,27250.36,0.54,427.35,4.22,1800000.0,990.2079437,20.0,54.9,45.1,82.05,76.87,78.94,5481.045,77.7,27376.97,6406.22,46.61,39.64,97.52562368243454,72.34,84.93,69.94,60.61,265,306, Malaysia
trieste,47,Good,25,15.81,73.76,94.84,34.77,30295.18,1.42,948.37,1.52,211184.0,2499.514735,18.0,27.0,73.0,94.57,95.46,95.1,6109.76,74.33,30865.739999999998,3254.61,74.37,78.18,99.85053379064689,76.6,88.23,83.26,83.28,18,55, Italy
paris,72,Moderate,72,15.81,63.22,103.86,42.52,28681.63,2.0,3027.12,1.69,2240000.0,21252.37192,32.0,56.9,43.1,89.35,84.81,86.63,5791.618,76.04,29261.79,966.65,94.52,36.88,0.20709911284694957,46.81,23.51,58.39,63.94,323,288, France
syracuse,56,Moderate,56,13.5,55.0,35.0,31.66,22666.67,2.5,2100.0,5.24,145170.0,2236.71984,8.0,46.6,53.4,92.69,88.44,90.14,4553.784,82.67,23109.17,1100.44,93.34,51.1,99.99808085412984,97.87,98.93,79.9,83.1,62,61,Italy
bruges,42,Good,22,15.81,76.4,87.46,34.25,28451.12,3.06,1013.1,1.6,117577.0,849.5447977,12.0,46.6,53.4,95.62,96.15,95.94,5737.422,76.33,29015.94,2864.07,77.81,51.1,96.92786092547227,89.36,93.14,78.29,78.73,108,164,France
jakarta,197,Unhealthy,155,2.59,22.69,39.51,25.16,28106.01,0.23,1172.14,9.05,9607787.0,14469.55873,36.0,52.7,47.3,63.26,65.99,64.9,5641.4980000000005,76.84,28223.449999999997,2407.86,81.82,42.68,7.711815168644011,38.3,23.01,54.55,56.04,326,319, Indonesia
liverpool,46,Good,46,18.45,79.95,68.33,41.55,28838.38,3.01,1796.68,3.42,864122.0,7726.412732,23.0,47.5,52.5,94.78,90.7,92.33,5805.832,75.96,29463.22,1639.87,88.59,49.86,59.48031373057765,65.96,62.72,70.88,74.67,256,222, United Kingdom
leipzig,62,Moderate,62,9.48,52.69,65.48,44.78,22831.15,3.16,1424.66,1.87,560472.0,1882.041639,23.0,41.6,58.4,91.44,87.07,88.82,4601.182000000001,82.42,23184.190000000002,1627.35,88.7,58.01,99.82455661849906,65.96,82.89,78.01,79.9,116,136, Germany
bilbao,40,Good,18,13.17,57.96,97.55,34.25,23867.33,1.26,1422.56,2.12,351356.0,8507.409201,12.0,53.0,47.0,96.03,97.05,96.64,4825.001,81.22,24361.24,1712.49,87.95,42.27,50.822282873878365,89.36,70.09,73.11,75.13,231,215, Spain
cincinnati,46,Good,39,15.0,60.0,40.0,40.71,22731.25,2.0,2925.0,5.14,296943.0,1472.97353,12.0,48.1,51.9,94.78,92.29,93.29,4569.45,82.59,23223.25,793.96,96.04,49.03,99.09614145522357,89.36,94.23,79.2,83.24,78,57, OH
doha,164,Unhealthy,144,8.24,54.93,63.46,53.24,20038.51,0.55,3495.54,3.94,691747.0,3699.181818,20.0,14.5,85.5,70.15,68.48,69.15,4041.1349999999998,85.42,20349.719999999998,582.16,97.9,95.44,96.26021857252216,72.34,84.3,83.63,87.38,14,10, Qatar
prague,81,Moderate,81,8.65,43.26,86.55,37.72,24575.34,1.38,1677.54,5.67,1272690.0,2565.907258,23.0,24.7,75.3,87.47,82.77,84.65,4960.211,80.49,24922.77,1485.67,89.94,81.35,99.77614827767162,65.96,82.87,82.22,85.06,30,35, Czech Republic
frankfurt,39,Good,39,14.75,63.22,86.4,37.35,24847.31,2.9,2201.47,2.88,732688.0,2950.698723,20.0,44.7,55.3,96.24,92.29,93.87,5015.902,80.19,25379.110000000004,1152.83,92.88,53.73,99.05282787666123,72.34,85.7,78.1,81.9,112,87, Germany
szczecin,34,Good,34,7.32,32.68,63.43,32.2,22082.24,0.45,745.67,5.75,415399.0,1382.129429,27.0,46.6,53.4,97.29,93.42,94.97,4449.6720000000005,83.23,22365.72,2999.41,76.61,51.1,98.85861371367787,57.45,78.15,77.12,75.13,141,215,Poland
halifax,53,Moderate,53,14.82,66.7,66.02,36.41,20121.54,2.04,1919.75,4.63,390096.0,71.05211392,17.0,41.0,59.0,93.32,89.12,90.8,4060.486000000001,85.32,20634.2,1074.84,93.56,58.84,92.55050193408286,78.72,85.64,80.13,82.61,59,70, Canada
tampa,67,Moderate,67,21.0,60.0,46.13,30.5,26391.86,2.0,3480.89,5.12,335709.0,1136.844105,18.0,46.3,53.7,90.4,85.94,87.72,5305.837,78.64,27069.99,777.67,96.18,51.52,98.08230010604173,76.6,87.34,75.87,81.13,175,108, FL
oklahoma city,53,Moderate,53,11.0,50.0,42.43,24.88,19350.0,2.5,2718.33,5.27,579999.0,369.4173442,12.0,46.6,53.4,93.32,89.12,90.8,3893.665,86.21,19724.93,725.63,96.64,51.1,94.43440746338001,89.36,91.9,79.72,82.85,67,65,United States of America
colorado springs,68,Moderate,68,20.5,64.35,51.5,39.38,26275.0,2.0,2100.0,5.32,416427.0,822.8448153,14.0,46.6,53.4,90.19,85.71,87.5,5285.05,78.75,26943.5,1283.02,91.73,51.1,96.80744363183939,85.11,90.96,76.47,80.36,163,126,United States of America
bratislava,61,Moderate,61,8.43,47.42,71.42,33.72,23901.37,0.95,1228.02,1.62,457426.0,1169.887468,27.0,30.6,69.4,91.65,87.3,89.04,4817.765,81.26,24226.64,1972.82,85.65,73.2,98.19825161296646,57.45,77.82,80.5,81.82,54,91, Slovakia
calgary,47,Good,47,18.53,63.0,54.07,44.06,19799.73,2.67,1976.24,4.58,1239220.0,1501.557028,13.0,36.7,63.3,94.57,90.48,92.12,3990.9539999999997,85.69,20412.37,1032.89,93.93,64.78,99.16523086265485,87.23,93.2,83.57,86.04,15,21, Canada
pittsburgh,53,Moderate,53,15.0,60.0,47.39,27.33,21000.3,2.75,2412.5,5.24,305704.0,2131.505295,14.0,38.5,61.5,93.32,89.12,90.8,4227.03,84.42,21500.44,891.21,95.18,62.29,99.99125892818532,85.11,92.55,82.11,85.34,33,29, PA
uppsala,29,Good,9,11.62,77.47,98.89,30.26,30989.13,2.91,1416.3,2.33,197787.0,1271.45153,19.0,46.6,53.4,98.33,99.09,98.79,6249.886000000001,73.58,31439.530000000002,2219.84,83.48,51.1,98.53256277219671,74.47,86.5,76.85,79.82,148,139,Sweden
curitiba,56,Moderate,56,4.79,28.74,46.76,42.3,25752.36,1.05,473.66,9.8,1746896.0,4016.129848,21.0,62.5,37.5,92.69,88.44,90.14,5174.915,79.34,25943.87,5477.32,54.79,29.14,94.55619573710624,70.21,82.38,70.1,62.73,261,293, Brazil
boston,44,Good,44,20.0,95.0,52.61,41.43,22391.38,2.4,4969.5,5.02,617594.0,4932.781454,15.0,39.4,60.6,95.2,91.16,92.78,4508.821000000001,82.91,23046.390000000003,463.76,98.94,61.05,88.08317184484089,82.98,85.53,80.44,85.25,55,32, MA
turku,36,Good,5,13.17,105.37,86.93,32.9,29504.87,3.16,1204.28,1.48,192962.0,629.8743268,18.0,46.6,53.4,96.87,100.0,98.75,5947.389,75.2,29990.059999999998,2490.29,81.1,51.1,95.8723450255646,76.6,86.24,77.27,79.04,136,156,Finland
vienna,45,Good,38,15.81,63.22,96.7,35.35,20472.29,2.53,2042.51,2.1,1901000.0,4584.589413,26.0,26.9,73.1,94.99,92.52,93.51,4146.223,84.86,21045.82,1030.39,93.95,78.31,90.79359001716074,59.57,75.18,83.45,86.18,17,17, Austria
wroclaw,50,Good,50,7.89,33.81,73.84,33.94,22858.66,1.01,959.45,7.45,640367.0,2186.896387,35.0,26.3,73.7,93.95,89.8,91.46,4610.330999999999,82.37,23170.21,2414.95,81.76,79.14,99.99955009963048,40.43,70.21,81.4,81.22,42,104, Poland
cairo,81,Moderate,81,4.07,20.35,39.37,37.51,21147.47,0.28,400.03,10.87,7740018.0,12772.30693,36.0,50.0,50.0,87.47,82.77,84.65,4250.021000000001,84.3,21309.22,5326.91,56.12,46.41,14.921418327669988,38.3,26.61,63.38,54.92,303,322, Egypt
vigo,22,Good,20,11.06,43.73,72.18,26.34,20292.35,1.42,1018.62,3.08,295623.0,2709.651696,13.0,46.6,53.4,99.79,96.6,97.88,4096.914,85.12,20697.749999999996,2031.94,85.13,51.1,99.56405847091885,87.23,93.4,81.46,81.46,41,98,Spain
